file	sequence	start	end	strand	gene	coverage	coverage_map	gaps	coverage_percent	identity_percent	database	accession	product	resistance	genome
1376352309.fna	NZ_CP021105.1	31012	33330	+	adsA	1-2319/2319	===============	0/0	100.00	96.46	vfdb	NP_644838	(adsA) Adenosine synthase A [AdsA (VF0422)] [Staphylococcus aureus subsp. aureus MW2]		1376352309
1376352309.fna	NZ_CP021105.1	132957	133473	+	cap8A	1-516/516	========/======	1/1	100.00	99.81	vfdb	NP_644939	(cap8A) capsular polysaccharide synthesis enzyme  [Capsule (VF0003)] [Staphylococcus aureus subsp. aureus MW2]		1376352309
1376352309.fna	NZ_CP021105.1	133641	134327	+	cap8B	1-687/687	===============	0/0	100.00	98.98	vfdb	NP_644940	(cap8B) capsular polysaccharide synthesis enzyme Cap8B [Capsule (VF0003)] [Staphylococcus aureus subsp. aureus MW2]		1376352309
1376352309.fna	NZ_CP021105.1	134330	135094	+	cap8C	1-765/765	===============	0/0	100.00	99.74	vfdb	NP_644941	(cap8C) capsular polysaccharide synthesis enzyme Cap8C [Capsule (VF0003)] [Staphylococcus aureus subsp. aureus MW2]		1376352309
1376352309.fna	NZ_CP021105.1	135114	136937	+	cap8D	1-1824/1824	===============	0/0	100.00	99.73	vfdb	NP_644942	(cap8D) capsular polysaccharide synthesis enzyme Cap8D [Capsule (VF0003)] [Staphylococcus aureus subsp. aureus MW2]		1376352309
1376352309.fna	NZ_CP021105.1	136927	137955	+	cap8E	1-1029/1029	===============	0/0	100.00	99.22	vfdb	NP_644943	(cap8E) capsular polysaccharide synthesis enzyme Cap8E [Capsule (VF0003)] [Staphylococcus aureus subsp. aureus MW2]		1376352309
1376352309.fna	NZ_CP021105.1	137968	139077	+	cap8F	1-1110/1110	===============	0/0	100.00	99.46	vfdb	NP_644944	(cap8F) capsular polysaccharide synthesis enzyme Cap8F [Capsule (VF0003)] [Staphylococcus aureus subsp. aureus MW2]		1376352309
1376352309.fna	NZ_CP021105.1	139081	140205	+	cap8G	1-1125/1125	===============	0/0	100.00	99.56	vfdb	NP_644945	(cap8G) capsular polysaccharide synthesis enzyme Cap8G [Capsule (VF0003)] [Staphylococcus aureus subsp. aureus MW2]		1376352309
1376352309.fna	NZ_CP021105.1	144327	145532	+	cap8L	1-1206/1206	===============	0/0	100.00	99.50	vfdb	NP_644950	(cap8L) capsular polysaccharide synthesis enzyme Cap8L [Capsule (VF0003)] [Staphylococcus aureus subsp. aureus MW2]		1376352309
1376352309.fna	NZ_CP021105.1	145543	146100	+	cap8M	1-558/558	===============	0/0	100.00	99.64	vfdb	NP_644951	(cap8M) capsular polysaccharide synthesis enzyme Cap8M [Capsule (VF0003)] [Staphylococcus aureus subsp. aureus MW2]		1376352309
1376352309.fna	NZ_CP021105.1	146100	146987	+	cap8N	1-888/888	===============	0/0	100.00	99.44	vfdb	NP_644952	(cap8N) capsular polysaccharide synthesis enzyme Cap8N [Capsule (VF0003)] [Staphylococcus aureus subsp. aureus MW2]		1376352309
1376352309.fna	NZ_CP021105.1	147041	148303	+	cap8O	1-1263/1263	===============	0/0	100.00	99.05	vfdb	NP_644953	(cap8O) capsular polysaccharide synthesis enzyme Cap8O [Capsule (VF0003)] [Staphylococcus aureus subsp. aureus MW2]		1376352309
1376352309.fna	NZ_CP021105.1	148380	149525	+	cap8P	1-1146/1146	===============	0/0	100.00	99.56	vfdb	NP_644954	(cap8P) capsular polysaccharide synthesis enzyme Cap8P [Capsule (VF0003)] [Staphylococcus aureus subsp. aureus MW2]		1376352309
1376352309.fna	NZ_CP021105.1	292622	292915	+	esxA	1-294/294	===============	0/0	100.00	100.00	vfdb	NP_645073	(esxA) type VII secretion system protein secreted protein EsxA [Type VII secretion system (VF0403)] [Staphylococcus aureus subsp. aureus MW2]		1376352309
1376352309.fna	NZ_CP021105.1	292998	296027	+	esaA	1-3030/3030	===============	0/0	100.00	98.91	vfdb	NP_645074	(esaA) type VII secretion system protein EsaA [Type VII secretion system (VF0403)] [Staphylococcus aureus subsp. aureus MW2]		1376352309
1376352309.fna	NZ_CP021105.1	296027	296485	+	essA	1-459/459	===============	0/0	100.00	98.26	vfdb	NP_645075	(essA) type VII secretion system protein EssA monotopic membrane protein [Type VII secretion system (VF0403)] [Staphylococcus aureus subsp. aureus MW2]		1376352309
1376352309.fna	NZ_CP021105.1	296457	296699	+	esaB	1-243/243	===============	0/0	100.00	99.59	vfdb	NP_645076	(esaB) type VII secretion system protein EsaB [Type VII secretion system (VF0403)] [Staphylococcus aureus subsp. aureus MW2]		1376352309
1376352309.fna	NZ_CP021105.1	296712	298046	+	essB	1-1335/1335	===============	0/0	100.00	99.03	vfdb	NP_645078	(essB) type VII secretion system protein EssB monotopic membrane protein [Type VII secretion system (VF0403)] [Staphylococcus aureus subsp. aureus MW2]		1376352309
1376352309.fna	NZ_CP021105.1	298068	302507	+	essC	1-4440/4440	===============	0/0	100.00	98.51	vfdb	NP_645079	(essC) type VII secretion system protein EssC FtsK/SpoIIIE family ATPase [Type VII secretion system (VF0403)] [Staphylococcus aureus subsp. aureus MW2]		1376352309
1376352309.fna	NZ_CP021105.1	302537	302929	+	esaC	1-393/393	===============	0/0	100.00	97.71	vfdb	NP_645081	(esaC) type VII secretion system protein secreted protein EsxC [Type VII secretion system (VF0403)] [Staphylococcus aureus subsp. aureus MW2]		1376352309
1376352309.fna	NZ_CP021105.1	302945	303259	+	esxB	1-315/315	===============	0/0	100.00	97.46	vfdb	NP_645082	(esxB) type VII secretion system protein secreted protein EsxB [Type VII secretion system (VF0403)] [Staphylococcus aureus subsp. aureus MW2]		1376352309
1376352309.fna	NZ_CP021105.1	331007	333082	+	geh	1-2073/2073	========/======	1/3	100.00	99.13	vfdb	NP_645114	(geh) glycerol ester hydrolase [Lipase (VF0012)] [Staphylococcus aureus subsp. aureus MW2]		1376352309
1376352309.fna	NZ_CP021105.1	570769	573636	+	sdrC	1-2868/2868	========/======	6/28	99.51	93.51	vfdb	NP_645333	(sdrC) Ser-Asp rich fibrinogen-binding bone sialoprotein-binding protein [SDr (VF0019)] [Staphylococcus aureus subsp. aureus MW2]		1376352309
1376352309.fna	NZ_CP021105.1	574003	577887	+	sdrD	1-3855/4044	========/======	6/38	95.23	92.80	vfdb	NP_645334	(sdrD) Ser-Asp rich fibrinogen-binding bone sialoprotein-binding protein [SDr (VF0019)] [Staphylococcus aureus subsp. aureus MW2]		1376352309
1376352309.fna	NZ_CP021105.1	578554	581979	+	sdrE	1-3426/3426	========/======	2/36	99.47	96.17	vfdb	NP_645335	(sdrE) Ser-Asp rich fibrinogen-binding bone sialoprotein-binding protein [SDr (VF0019)] [Staphylococcus aureus subsp. aureus MW2]		1376352309
1376352309.fna	NZ_CP021105.1	813884	816527	+	clfA	1-2635/2841	========/=====.	4/13	92.68	89.83	vfdb	NP_645581	(clfA) Clumping factor A fibrinogen-binding protein [Clumping factor (VF0004)] [Staphylococcus aureus subsp. aureus MW2]		1376352309
1376352309.fna	NZ_CP021105.1	979013	979342	-	sspC	1-330/330	===============	0/0	100.00	99.39	vfdb	NP_645747	(sspC) Staphostatin B [Staphopain (VF0006)] [Staphylococcus aureus subsp. aureus MW2]		1376352309
1376352309.fna	NZ_CP021105.1	979380	980561	-	sspB	1-1182/1182	===============	0/0	100.00	99.83	vfdb	NP_645748	(sspB) staphopain cysteine proteinase SspB [Staphopain (VF0006)] [Staphylococcus aureus subsp. aureus MW2]		1376352309
1376352309.fna	NZ_CP021105.1	980643	981671	-	sspA	1-984/984	========/======	1/45	100.00	94.85	vfdb	NP_645749	(sspA) serine protease; V8 protease; glutamyl endopeptidase [V8 protease (VF0023)] [Staphylococcus aureus subsp. aureus MW2]		1376352309
1376352309.fna	NZ_CP021105.1	1063652	1065589	-	isdB	1-1938/1938	===============	0/0	100.00	98.97	vfdb	YP_001332074	(isdB) iron-regulated surface determinant protein B haemoglobin receptor [Isd (VF0015)] [Staphylococcus aureus subsp. aureus str. Newman]		1376352309
1376352309.fna	NZ_CP021105.1	1065792	1066844	-	isdA	1-1053/1053	===============	0/0	100.00	100.00	vfdb	YP_001332075	(isdA) iron-regulated surface determinant protein A [Isd (VF0015)] [Staphylococcus aureus subsp. aureus str. Newman]		1376352309
1376352309.fna	NZ_CP021105.1	1067053	1067736	+	isdC	1-684/684	===============	0/0	100.00	100.00	vfdb	YP_001332076	(isdC) iron-regulated surface determinant protein C [Isd (VF0015)] [Staphylococcus aureus subsp. aureus str. Newman]		1376352309
1376352309.fna	NZ_CP021105.1	1067736	1068812	+	isdD	1-1077/1077	===============	0/0	100.00	99.72	vfdb	NP_645831	(isdD) iron-regulated surface determinant protein D [Isd (VF0015)] [Staphylococcus aureus subsp. aureus MW2]		1376352309
1376352309.fna	NZ_CP021105.1	1068809	1069687	+	isdE	1-879/879	===============	0/0	100.00	100.00	vfdb	YP_001332078	(isdE) iron-regulated surface determinant protein E [Isd (VF0015)] [Staphylococcus aureus subsp. aureus str. Newman]		1376352309
1376352309.fna	NZ_CP021105.1	1069700	1070665	+	isdF	1-966/966	===============	0/0	100.00	99.69	vfdb	NP_645833	(isdF) iron-regulated surface determinant protein F ATP-binding-cassette-type transmembrane transporter [Isd (VF0015)] [Staphylococcus aureus subsp. aureus MW2]		1376352309
1376352309.fna	NZ_CP021105.1	1070727	1071461	+	srtB	1-735/735	===============	0/0	100.00	99.59	vfdb	NP_645834	(srtB) NPQTN specific sortase B [Isd (VF0015)] [Staphylococcus aureus subsp. aureus MW2]		1376352309
1376352309.fna	NZ_CP021105.1	1071480	1071803	+	isdG	1-324/324	===============	0/0	100.00	99.69	vfdb	YP_001332081	(isdG) iron-regulated surface determinant protein G [Isd (VF0015)] [Staphylococcus aureus subsp. aureus str. Newman]		1376352309
1376352309.fna	NZ_CP021105.1	1099557	1100516	-	hly/hla	1-960/960	===============	0/0	100.00	99.79	vfdb	NP_645861	(hly/hla) Alpha-Hemolysin precursor [<alpha>-hemolysin (VF0001)] [Staphylococcus aureus subsp. aureus MW2]		1376352309
1376352309.fna	NZ_CP021105.1	1477792	1479252	-	ebp	1-1461/1461	===============	0/0	100.00	99.80	vfdb	NP_646186	(ebp) cell surface elastin binding protein [EbpS (VF0008)] [Staphylococcus aureus subsp. aureus MW2]		1376352309
1376352309.fna	NZ_CP021105.1	1817714	1818682	-	lukF-PV	1-969/978	========/======	2/2	98.98	82.37	vfdb	NP_646195	(lukF-PV) Panton-Valentine leukocidin chain F precursor [PVL (VF0018)] [Staphylococcus aureus subsp. aureus MW2]		1376352309
1376352309.fna	NZ_CP021105.1	1951798	1953219	-	map	1-1428/1755	========/====..	5/10	80.91	89.44	vfdb	CAB94853	(map) extracellular proteins Map [Eap/Map (VF0016)] [Staphylococcus aureus str. Newman D2C (ATCC 25904)]		1376352309
1376352309.fna	NZ_CP021105.1	1954984	1955334	-	scn	1-351/351	===============	0/0	100.00	99.72	vfdb	YP_001332910	(scn) complement inhibitor SCIN [SCIN (VF0425)] [Staphylococcus aureus subsp. aureus str. Newman]		1376352309
1376352309.fna	NZ_CP021105.1	1956017	1956466	+	chp	1-450/450	===============	0/0	100.00	99.33	vfdb	YP_001332911	(chp) chemotaxis-inhibiting protein CHIPS [CHIPS (VF0424)] [Staphylococcus aureus subsp. aureus str. Newman]		1376352309
1376352309.fna	NZ_CP021105.1	1957542	1958033	-	sak	1-492/492	===============	0/0	100.00	99.59	vfdb	NP_646702	(sak) Staphylokinase precursor [Staphylokinase (VF0021)] [Staphylococcus aureus subsp. aureus MW2]		1376352309
1376352309.fna	NZ_CP021105.1	1959842	1960613	-	sea	1-772/774	===============	0/0	99.74	84.84	vfdb	NP_646706	(sea) staphylococcal enterotoxin A precursor [SE (VF0020)] [Staphylococcus aureus subsp. aureus MW2]		1376352309
1376352309.fna	NZ_CP021105.1	1998032	1998855	+	hlb	170-993/993	..=============	0/0	82.98	99.27	vfdb	YP_186826	(hlb) beta-hemolysin [<beta>-hemolysin (VF0002)] [Staphylococcus aureus subsp. aureus COL]		1376352309
1376352309.fna	NZ_CP021105.1	2005593	2006315	+	sell	1-723/723	===============	0/0	100.00	99.58	vfdb	NP_645577	(sell) staphylococcal enterotoxin L precursor [Enterotoxin-like L (CVF065)] [Staphylococcus aureus subsp. aureus MW2]		1376352309
1376352309.fna	NZ_CP021105.1	2006484	2007284	-	sec	1-801/801	===============	0/0	100.00	97.88	vfdb	NP_645576	(sec) staphylococcal enterotoxin C precursor [Enterotoxin C (CVF057)] [Staphylococcus aureus subsp. aureus MW2]		1376352309
1376352309.fna	NZ_CP021105.1	2009510	2010214	+	tsst-1	1-705/705	===============	0/0	100.00	100.00	vfdb	NP_375120	(tsst-1) toxic shock syndrome toxin-1 [TSST-1 (VF0022)] [Staphylococcus aureus subsp. aureus N315]		1376352309
1376352309.fna	NZ_CP021105.1	2022890	2023024	-	hld	1-135/135	===============	0/0	100.00	99.26	vfdb	NP_646776	(hld) delta-hemolysin [<delta>-hemolysin (VF0007)] [Staphylococcus aureus subsp. aureus MW2]		1376352309
1376352309.fna	NZ_CP021105.1	2211067	2213487	+	hysA	1-2418/2448	========/======	3/5	98.73	94.67	vfdb	NP_646946	(hysA) hyaluronate lyase precursor [Hyaluronate lyase (VF0013)] [Staphylococcus aureus subsp. aureus MW2]		1376352309
1376352309.fna	NZ_CP021105.1	2413544	2414854	+	sbi	1-1314/1314	========/======	1/3	99.77	98.17	vfdb	NP_647158	(sbi) IgG-binding protein SBI [Sbi (VF0423)] [Staphylococcus aureus subsp. aureus MW2]		1376352309
1376352309.fna	NZ_CP021105.1	2415390	2416319	+	hlgA	1-930/930	===============	0/0	100.00	99.57	vfdb	NP_647159	(hlgA) gamma-hemolysin chain II precursor [<gamma>-hemolysin (VF0011)] [Staphylococcus aureus subsp. aureus MW2]		1376352309
1376352309.fna	NZ_CP021105.1	2416886	2417833	+	hlgC	1-948/948	===============	0/0	100.00	99.47	vfdb	NP_647160	(hlgC) gamma-hemolysin component C [<gamma>-hemolysin (VF0011)] [Staphylococcus aureus subsp. aureus MW2]		1376352309
1376352309.fna	NZ_CP021105.1	2417835	2418812	+	hlgB	1-978/978	===============	0/0	100.00	99.80	vfdb	NP_647161	(hlgB) gamma-hemolysin component B [<gamma>-hemolysin (VF0011)] [Staphylococcus aureus subsp. aureus MW2]		1376352309
1376352309.fna	NZ_CP021105.1	2505810	2508695	-	fnbB	1-2832/2832	========/======	24/98	99.22	86.00	vfdb	NP_647237	(fnbB) fibronectin-binding protein B [FnBPs (VF0010)] [Staphylococcus aureus subsp. aureus MW2]		1376352309
1376352309.fna	NZ_CP021105.1	2509693	2512492	-	fnbA	1-2815/3048	========/=====.	4/23	91.73	95.92	vfdb	NP_647238	(fnbA) fibronectin-binding protein A [FnBPs (VF0010)] [Staphylococcus aureus subsp. aureus MW2]		1376352309
1376352309.fna	NZ_CP021105.1	2649189	2651822	-	clfB	1-2724/2724	========/======	7/96	96.59	90.94	vfdb	NP_647368	(clfB) Clumping factor B adhesin [Clumping factor (VF0004)] [Staphylococcus aureus subsp. aureus MW2]		1376352309
1376352309.fna	NZ_CP021105.1	2658895	2660424	-	aur	1-1530/1530	===============	0/0	100.00	99.67	vfdb	NP_647375	(aur) zinc metalloproteinase aureolysin [Aureolysin (VF0024)] [Staphylococcus aureus subsp. aureus MW2]		1376352309
1376352309.fna	NZ_CP021105.1	2700667	2701227	-	icaR	1-561/561	===============	0/0	100.00	99.82	vfdb	NP_647402	(icaR) ica operon transcriptional regulator IcaR [Intercellular adhesion proteins (VF0014)] [Staphylococcus aureus subsp. aureus MW2]		1376352309
1376352309.fna	NZ_CP021105.1	2701391	2702629	+	icaA	1-1239/1239	===============	0/0	100.00	99.84	vfdb	NP_647403	(icaA) N-acetylglucosaminyltransferase involved in polysaccharide intercellular adhesin(PIA) synthesis [Intercellular adhesion proteins (VF0014)] [Staphylococcus aureus subsp. aureus MW2]		1376352309
1376352309.fna	NZ_CP021105.1	2702593	2702898	+	icaD	1-306/306	===============	0/0	100.00	99.67	vfdb	NP_647404	(icaD) intercellular adhesion protein D involved in polysaccharide intercellular adhesin(PIA) synthesis [Intercellular adhesion proteins (VF0014)] [Staphylococcus aureus subsp. aureus MW2]		1376352309
1376352309.fna	NZ_CP021105.1	2702895	2703767	+	icaB	1-873/873	===============	0/0	100.00	99.89	vfdb	NP_647405	(icaB) N-deacetylase involved in polysaccharide intercellular adhesin(PIA) synthesis [Intercellular adhesion proteins (VF0014)] [Staphylococcus aureus subsp. aureus MW2]		1376352309
1376352309.fna	NZ_CP021105.1	2703754	2704806	+	icaC	1-1053/1053	===============	0/0	100.00	99.43	vfdb	NP_647406	(icaC) intercellular adhesion protein C involved in polysaccharide intercellular adhesin(PIA) synthesis [Intercellular adhesion proteins (VF0014)] [Staphylococcus aureus subsp. aureus MW2]		1376352309
1376352309.fna	NZ_CP021105.1	2705141	2707186	-	lip	1-2046/2046	===============	0/0	100.00	98.97	vfdb	NP_647407	(lip) triacylglycerol lipase precursor [Lipase (CVF091)] [Staphylococcus aureus subsp. aureus MW2]		1376352309
2267348900.fna	NZ_CP099576.1	30483	32801	+	adsA	1-2319/2319	===============	0/0	100.00	96.72	vfdb	NP_644838	(adsA) Adenosine synthase A [AdsA (VF0422)] [Staphylococcus aureus subsp. aureus MW2]		2267348900
2267348900.fna	NZ_CP099576.1	128388	129914	-	spa	1-1479/1479	========/======	1/48	100.00	94.96	vfdb	NP_644899	(spa) Immunoglobulin G binding protein A precursor [SpA (VF0017)] [Staphylococcus aureus subsp. aureus MW2]		2267348900
2267348900.fna	NZ_CP099576.1	174382	174898	+	cap8A	1-516/516	========/======	1/1	100.00	99.42	vfdb	NP_644939	(cap8A) capsular polysaccharide synthesis enzyme  [Capsule (VF0003)] [Staphylococcus aureus subsp. aureus MW2]		2267348900
2267348900.fna	NZ_CP099576.1	175066	175752	+	cap8B	1-687/687	===============	0/0	100.00	98.98	vfdb	NP_644940	(cap8B) capsular polysaccharide synthesis enzyme Cap8B [Capsule (VF0003)] [Staphylococcus aureus subsp. aureus MW2]		2267348900
2267348900.fna	NZ_CP099576.1	175755	176519	+	cap8C	1-765/765	===============	0/0	100.00	99.61	vfdb	NP_644941	(cap8C) capsular polysaccharide synthesis enzyme Cap8C [Capsule (VF0003)] [Staphylococcus aureus subsp. aureus MW2]		2267348900
2267348900.fna	NZ_CP099576.1	176539	178363	+	cap8D	1-1824/1824	========/======	1/1	100.00	99.84	vfdb	NP_644942	(cap8D) capsular polysaccharide synthesis enzyme Cap8D [Capsule (VF0003)] [Staphylococcus aureus subsp. aureus MW2]		2267348900
2267348900.fna	NZ_CP099576.1	178353	179381	+	cap8E	1-1029/1029	===============	0/0	100.00	99.03	vfdb	NP_644943	(cap8E) capsular polysaccharide synthesis enzyme Cap8E [Capsule (VF0003)] [Staphylococcus aureus subsp. aureus MW2]		2267348900
2267348900.fna	NZ_CP099576.1	179394	180503	+	cap8F	1-1110/1110	===============	0/0	100.00	99.55	vfdb	NP_644944	(cap8F) capsular polysaccharide synthesis enzyme Cap8F [Capsule (VF0003)] [Staphylococcus aureus subsp. aureus MW2]		2267348900
2267348900.fna	NZ_CP099576.1	180507	181631	+	cap8G	1-1125/1125	===============	0/0	100.00	99.56	vfdb	NP_644945	(cap8G) capsular polysaccharide synthesis enzyme Cap8G [Capsule (VF0003)] [Staphylococcus aureus subsp. aureus MW2]		2267348900
2267348900.fna	NZ_CP099576.1	185753	186958	+	cap8L	1-1206/1206	===============	0/0	100.00	99.75	vfdb	NP_644950	(cap8L) capsular polysaccharide synthesis enzyme Cap8L [Capsule (VF0003)] [Staphylococcus aureus subsp. aureus MW2]		2267348900
2267348900.fna	NZ_CP099576.1	186969	187526	+	cap8M	1-558/558	===============	0/0	100.00	99.82	vfdb	NP_644951	(cap8M) capsular polysaccharide synthesis enzyme Cap8M [Capsule (VF0003)] [Staphylococcus aureus subsp. aureus MW2]		2267348900
2267348900.fna	NZ_CP099576.1	187526	188413	+	cap8N	1-888/888	===============	0/0	100.00	98.65	vfdb	NP_644952	(cap8N) capsular polysaccharide synthesis enzyme Cap8N [Capsule (VF0003)] [Staphylococcus aureus subsp. aureus MW2]		2267348900
2267348900.fna	NZ_CP099576.1	188467	189729	+	cap8O	1-1263/1263	===============	0/0	100.00	98.73	vfdb	NP_644953	(cap8O) capsular polysaccharide synthesis enzyme Cap8O [Capsule (VF0003)] [Staphylococcus aureus subsp. aureus MW2]		2267348900
2267348900.fna	NZ_CP099576.1	189806	190951	+	cap8P	1-1146/1146	===============	0/0	100.00	99.39	vfdb	NP_644954	(cap8P) capsular polysaccharide synthesis enzyme Cap8P [Capsule (VF0003)] [Staphylococcus aureus subsp. aureus MW2]		2267348900
2267348900.fna	NZ_CP099576.1	330742	331035	+	esxA	1-294/294	===============	0/0	100.00	100.00	vfdb	NP_645073	(esxA) type VII secretion system protein secreted protein EsxA [Type VII secretion system (VF0403)] [Staphylococcus aureus subsp. aureus MW2]		2267348900
2267348900.fna	NZ_CP099576.1	331119	334148	+	esaA	1-3030/3030	===============	0/0	100.00	99.14	vfdb	NP_645074	(esaA) type VII secretion system protein EsaA [Type VII secretion system (VF0403)] [Staphylococcus aureus subsp. aureus MW2]		2267348900
2267348900.fna	NZ_CP099576.1	334148	334606	+	essA	1-459/459	===============	0/0	100.00	99.78	vfdb	NP_645075	(essA) type VII secretion system protein EssA monotopic membrane protein [Type VII secretion system (VF0403)] [Staphylococcus aureus subsp. aureus MW2]		2267348900
2267348900.fna	NZ_CP099576.1	334578	334820	+	esaB	1-243/243	===============	0/0	100.00	100.00	vfdb	NP_645076	(esaB) type VII secretion system protein EsaB [Type VII secretion system (VF0403)] [Staphylococcus aureus subsp. aureus MW2]		2267348900
2267348900.fna	NZ_CP099576.1	334833	336167	+	essB	1-1335/1335	===============	0/0	100.00	99.92	vfdb	NP_645078	(essB) type VII secretion system protein EssB monotopic membrane protein [Type VII secretion system (VF0403)] [Staphylococcus aureus subsp. aureus MW2]		2267348900
2267348900.fna	NZ_CP099576.1	336189	340628	+	essC	1-4440/4440	===============	0/0	100.00	98.69	vfdb	NP_645079	(essC) type VII secretion system protein EssC FtsK/SpoIIIE family ATPase [Type VII secretion system (VF0403)] [Staphylococcus aureus subsp. aureus MW2]		2267348900
2267348900.fna	NZ_CP099576.1	340658	341050	+	esaC	1-393/393	===============	0/0	100.00	98.73	vfdb	NP_645081	(esaC) type VII secretion system protein secreted protein EsxC [Type VII secretion system (VF0403)] [Staphylococcus aureus subsp. aureus MW2]		2267348900
2267348900.fna	NZ_CP099576.1	341066	341380	+	esxB	1-315/315	===============	0/0	100.00	99.36	vfdb	NP_645082	(esxB) type VII secretion system protein secreted protein EsxB [Type VII secretion system (VF0403)] [Staphylococcus aureus subsp. aureus MW2]		2267348900
2267348900.fna	NZ_CP099576.1	372636	374708	+	geh	1-2073/2073	===============	0/0	100.00	99.61	vfdb	NP_645114	(geh) glycerol ester hydrolase [Lipase (VF0012)] [Staphylococcus aureus subsp. aureus MW2]		2267348900
2267348900.fna	NZ_CP099576.1	617173	620016	+	sdrC	1-2868/2868	========/======	5/36	98.95	94.54	vfdb	NP_645333	(sdrC) Ser-Asp rich fibrinogen-binding bone sialoprotein-binding protein [SDr (VF0019)] [Staphylococcus aureus subsp. aureus MW2]		2267348900
2267348900.fna	NZ_CP099576.1	620383	623931	+	sdrD	1-3555/4044	========/=====.	3/8	87.73	98.00	vfdb	NP_645334	(sdrD) Ser-Asp rich fibrinogen-binding bone sialoprotein-binding protein [SDr (VF0019)] [Staphylococcus aureus subsp. aureus MW2]		2267348900
2267348900.fna	NZ_CP099576.1	624508	627972	+	sdrE	1-3426/3426	========/======	4/51	99.82	96.66	vfdb	NP_645335	(sdrE) Ser-Asp rich fibrinogen-binding bone sialoprotein-binding protein [SDr (VF0019)] [Staphylococcus aureus subsp. aureus MW2]		2267348900
2267348900.fna	NZ_CP099576.1	878180	880963	+	clfA	1-2841/2841	========/======	6/63	97.89	95.36	vfdb	NP_645581	(clfA) Clumping factor A fibrinogen-binding protein [Clumping factor (VF0004)] [Staphylococcus aureus subsp. aureus MW2]		2267348900
2267348900.fna	NZ_CP099576.1	881184	882710	+	vWbp	1-1527/1527	===============	0/0	100.00	100.00	vfdb	YP_001331791	(vWbp) secreted von Willebrand factor-binding protein precursor [vWbp (VF0420)] [Staphylococcus aureus subsp. aureus str. Newman]		2267348900
2267348900.fna	NZ_CP099576.1	902318	903046	-	selk	1-729/729	===============	0/0	100.00	96.57	vfdb	NP_646755	(selk) staphylococcal enterotoxin K precursor [SE (VF0020)] [Staphylococcus aureus subsp. aureus MW2]		2267348900
2267348900.fna	NZ_CP099576.1	903070	903798	-	selq	1-729/729	===============	0/0	100.00	97.81	vfdb	NP_646754	(selq) staphylococcal enterotoxin G precursor [SE (VF0020)] [Staphylococcus aureus subsp. aureus MW2]		2267348900
2267348900.fna	NZ_CP099576.1	1056925	1057254	-	sspC	1-330/330	===============	0/0	100.00	99.70	vfdb	NP_645747	(sspC) Staphostatin B [Staphopain (VF0006)] [Staphylococcus aureus subsp. aureus MW2]		2267348900
2267348900.fna	NZ_CP099576.1	1057292	1058473	-	sspB	1-1182/1182	===============	0/0	100.00	99.07	vfdb	NP_645748	(sspB) staphopain cysteine proteinase SspB [Staphopain (VF0006)] [Staphylococcus aureus subsp. aureus MW2]		2267348900
2267348900.fna	NZ_CP099576.1	1058555	1059565	-	sspA	1-984/984	========/======	1/27	100.00	96.44	vfdb	NP_645749	(sspA) serine protease; V8 protease; glutamyl endopeptidase [V8 protease (VF0023)] [Staphylococcus aureus subsp. aureus MW2]		2267348900
2267348900.fna	NZ_CP099576.1	1141364	1143301	-	isdB	1-1938/1938	===============	0/0	100.00	100.00	vfdb	YP_001332074	(isdB) iron-regulated surface determinant protein B haemoglobin receptor [Isd (VF0015)] [Staphylococcus aureus subsp. aureus str. Newman]		2267348900
2267348900.fna	NZ_CP099576.1	1143504	1144556	-	isdA	1-1053/1053	===============	0/0	100.00	100.00	vfdb	YP_001332075	(isdA) iron-regulated surface determinant protein A [Isd (VF0015)] [Staphylococcus aureus subsp. aureus str. Newman]		2267348900
2267348900.fna	NZ_CP099576.1	1144765	1145448	+	isdC	1-684/684	===============	0/0	100.00	100.00	vfdb	YP_001332076	(isdC) iron-regulated surface determinant protein C [Isd (VF0015)] [Staphylococcus aureus subsp. aureus str. Newman]		2267348900
2267348900.fna	NZ_CP099576.1	1145448	1146524	+	isdD	1-1077/1077	===============	0/0	100.00	99.81	vfdb	NP_645831	(isdD) iron-regulated surface determinant protein D [Isd (VF0015)] [Staphylococcus aureus subsp. aureus MW2]		2267348900
2267348900.fna	NZ_CP099576.1	1146521	1147399	+	isdE	1-879/879	===============	0/0	100.00	100.00	vfdb	YP_001332078	(isdE) iron-regulated surface determinant protein E [Isd (VF0015)] [Staphylococcus aureus subsp. aureus str. Newman]		2267348900
2267348900.fna	NZ_CP099576.1	1147412	1148377	+	isdF	1-966/966	===============	0/0	100.00	99.69	vfdb	NP_645833	(isdF) iron-regulated surface determinant protein F ATP-binding-cassette-type transmembrane transporter [Isd (VF0015)] [Staphylococcus aureus subsp. aureus MW2]		2267348900
2267348900.fna	NZ_CP099576.1	1148439	1149173	+	srtB	1-735/735	===============	0/0	100.00	99.59	vfdb	NP_645834	(srtB) NPQTN specific sortase B [Isd (VF0015)] [Staphylococcus aureus subsp. aureus MW2]		2267348900
2267348900.fna	NZ_CP099576.1	1149192	1149515	+	isdG	1-324/324	===============	0/0	100.00	100.00	vfdb	YP_001332081	(isdG) iron-regulated surface determinant protein G [Isd (VF0015)] [Staphylococcus aureus subsp. aureus str. Newman]		2267348900
2267348900.fna	NZ_CP099576.1	1175380	1176339	-	hly/hla	1-960/960	===============	0/0	100.00	99.48	vfdb	NP_645861	(hly/hla) Alpha-Hemolysin precursor [<alpha>-hemolysin (VF0001)] [Staphylococcus aureus subsp. aureus MW2]		2267348900
2267348900.fna	NZ_CP099576.1	1556080	1557540	-	ebp	1-1461/1461	===============	0/0	100.00	98.02	vfdb	NP_646186	(ebp) cell surface elastin binding protein [EbpS (VF0008)] [Staphylococcus aureus subsp. aureus MW2]		2267348900
2267348900.fna	NZ_CP099576.1	1565184	1566161	-	lukF-PV	1-978/978	===============	0/0	100.00	99.90	vfdb	NP_646195	(lukF-PV) Panton-Valentine leukocidin chain F precursor [PVL (VF0018)] [Staphylococcus aureus subsp. aureus MW2]		2267348900
2267348900.fna	NZ_CP099576.1	1566163	1567101	-	lukS-PV	1-939/939	===============	0/0	100.00	100.00	vfdb	NP_646196	(lukS-PV) Panton-Valentine leukocidin chain S precursor [PVL (VF0018)] [Staphylococcus aureus subsp. aureus MW2]		2267348900
2267348900.fna	NZ_CP099576.1	1961144	1962112	-	lukF-PV	1-969/978	========/======	2/2	98.98	82.06	vfdb	NP_646195	(lukF-PV) Panton-Valentine leukocidin chain F precursor [PVL (VF0018)] [Staphylococcus aureus subsp. aureus MW2]		2267348900
2267348900.fna	NZ_CP099576.1	2088051	2089805	-	map	1-1755/1755	===============	0/0	100.00	99.60	vfdb	CAB94853	(map) extracellular proteins Map [Eap/Map (VF0016)] [Staphylococcus aureus str. Newman D2C (ATCC 25904)]		2267348900
2267348900.fna	NZ_CP099576.1	2091566	2091916	-	scn	1-351/351	===============	0/0	100.00	100.00	vfdb	YP_001332910	(scn) complement inhibitor SCIN [SCIN (VF0425)] [Staphylococcus aureus subsp. aureus str. Newman]		2267348900
2267348900.fna	NZ_CP099576.1	2092601	2093050	+	chp	1-450/450	===============	0/0	100.00	100.00	vfdb	YP_001332911	(chp) chemotaxis-inhibiting protein CHIPS [CHIPS (VF0424)] [Staphylococcus aureus subsp. aureus str. Newman]		2267348900
2267348900.fna	NZ_CP099576.1	2094130	2094621	-	sak	1-492/492	===============	0/0	100.00	99.39	vfdb	NP_646702	(sak) Staphylokinase precursor [Staphylokinase (VF0021)] [Staphylococcus aureus subsp. aureus MW2]		2267348900
2267348900.fna	NZ_CP099576.1	2133411	2134234	+	hlb	170-993/993	..=============	0/0	82.98	100.00	vfdb	YP_186826	(hlb) beta-hemolysin [<beta>-hemolysin (VF0002)] [Staphylococcus aureus subsp. aureus COL]		2267348900
2267348900.fna	NZ_CP099576.1	2152276	2152410	-	hld	1-135/135	===============	0/0	100.00	99.26	vfdb	NP_646776	(hld) delta-hemolysin [<delta>-hemolysin (VF0007)] [Staphylococcus aureus subsp. aureus MW2]		2267348900
2267348900.fna	NZ_CP099576.1	2343307	2345721	+	hysA	1-2418/2448	========/======	5/9	98.53	90.58	vfdb	NP_646946	(hysA) hyaluronate lyase precursor [Hyaluronate lyase (VF0013)] [Staphylococcus aureus subsp. aureus MW2]		2267348900
2267348900.fna	NZ_CP099576.1	2545496	2546776	+	sbi	1-1314/1314	========/======	2/33	97.49	95.66	vfdb	NP_647158	(sbi) IgG-binding protein SBI [Sbi (VF0423)] [Staphylococcus aureus subsp. aureus MW2]		2267348900
2267348900.fna	NZ_CP099576.1	2547312	2548241	+	hlgA	1-930/930	===============	0/0	100.00	99.46	vfdb	NP_647159	(hlgA) gamma-hemolysin chain II precursor [<gamma>-hemolysin (VF0011)] [Staphylococcus aureus subsp. aureus MW2]		2267348900
2267348900.fna	NZ_CP099576.1	2548808	2549755	+	hlgC	1-948/948	===============	0/0	100.00	99.47	vfdb	NP_647160	(hlgC) gamma-hemolysin component C [<gamma>-hemolysin (VF0011)] [Staphylococcus aureus subsp. aureus MW2]		2267348900
2267348900.fna	NZ_CP099576.1	2549757	2550734	+	hlgB	1-978/978	===============	0/0	100.00	99.90	vfdb	NP_647161	(hlgB) gamma-hemolysin component B [<gamma>-hemolysin (VF0011)] [Staphylococcus aureus subsp. aureus MW2]		2267348900
2267348900.fna	NZ_CP099576.1	2634424	2637246	-	fnbB	1-2832/2832	========/======	18/53	98.91	86.55	vfdb	NP_647237	(fnbB) fibronectin-binding protein B [FnBPs (VF0010)] [Staphylococcus aureus subsp. aureus MW2]		2267348900
2267348900.fna	NZ_CP099576.1	2637928	2640984	-	fnbA	1-3048/3048	========/======	11/31	99.64	87.68	vfdb	NP_647238	(fnbA) fibronectin-binding protein A [FnBPs (VF0010)] [Staphylococcus aureus subsp. aureus MW2]		2267348900
2267348900.fna	NZ_CP099576.1	2779523	2782222	-	clfB	1-2724/2724	========/======	6/30	99.01	91.75	vfdb	NP_647368	(clfB) Clumping factor B adhesin [Clumping factor (VF0004)] [Staphylococcus aureus subsp. aureus MW2]		2267348900
2267348900.fna	NZ_CP099576.1	2789295	2790824	-	aur	1-1530/1530	===============	0/0	100.00	99.61	vfdb	NP_647375	(aur) zinc metalloproteinase aureolysin [Aureolysin (VF0024)] [Staphylococcus aureus subsp. aureus MW2]		2267348900
2267348900.fna	NZ_CP099576.1	2831070	2831630	-	icaR	1-561/561	===============	0/0	100.00	100.00	vfdb	NP_647402	(icaR) ica operon transcriptional regulator IcaR [Intercellular adhesion proteins (VF0014)] [Staphylococcus aureus subsp. aureus MW2]		2267348900
2267348900.fna	NZ_CP099576.1	2831794	2833032	+	icaA	1-1239/1239	===============	0/0	100.00	99.92	vfdb	NP_647403	(icaA) N-acetylglucosaminyltransferase involved in polysaccharide intercellular adhesin(PIA) synthesis [Intercellular adhesion proteins (VF0014)] [Staphylococcus aureus subsp. aureus MW2]		2267348900
2267348900.fna	NZ_CP099576.1	2832996	2833301	+	icaD	1-306/306	===============	0/0	100.00	100.00	vfdb	NP_647404	(icaD) intercellular adhesion protein D involved in polysaccharide intercellular adhesin(PIA) synthesis [Intercellular adhesion proteins (VF0014)] [Staphylococcus aureus subsp. aureus MW2]		2267348900
2267348900.fna	NZ_CP099576.1	2833298	2834170	+	icaB	1-873/873	===============	0/0	100.00	100.00	vfdb	NP_647405	(icaB) N-deacetylase involved in polysaccharide intercellular adhesin(PIA) synthesis [Intercellular adhesion proteins (VF0014)] [Staphylococcus aureus subsp. aureus MW2]		2267348900
2267348900.fna	NZ_CP099576.1	2834157	2835209	+	icaC	1-1053/1053	===============	0/0	100.00	100.00	vfdb	NP_647406	(icaC) intercellular adhesion protein C involved in polysaccharide intercellular adhesin(PIA) synthesis [Intercellular adhesion proteins (VF0014)] [Staphylococcus aureus subsp. aureus MW2]		2267348900
2267348900.fna	NZ_CP099576.1	2835656	2837701	-	lip	1-2046/2046	===============	0/0	100.00	100.00	vfdb	NP_647407	(lip) triacylglycerol lipase precursor [Lipase (CVF091)] [Staphylococcus aureus subsp. aureus MW2]		2267348900
2064726533.fna	NZ_CP077755.1	426060	427520	+	ebp	1-1461/1461	===============	0/0	100.00	99.80	vfdb	NP_646186	(ebp) cell surface elastin binding protein [EbpS (VF0008)] [Staphylococcus aureus subsp. aureus MW2]		2064726533
2064726533.fna	NZ_CP077755.1	815968	816927	+	hly/hla	1-960/960	===============	0/0	100.00	99.69	vfdb	NP_645861	(hly/hla) Alpha-Hemolysin precursor [<alpha>-hemolysin (VF0001)] [Staphylococcus aureus subsp. aureus MW2]		2064726533
2064726533.fna	NZ_CP077755.1	844271	844594	-	isdG	1-324/324	===============	0/0	100.00	99.38	vfdb	YP_001332081	(isdG) iron-regulated surface determinant protein G [Isd (VF0015)] [Staphylococcus aureus subsp. aureus str. Newman]		2064726533
2064726533.fna	NZ_CP077755.1	844613	845347	-	srtB	1-735/735	===============	0/0	100.00	99.73	vfdb	NP_645834	(srtB) NPQTN specific sortase B [Isd (VF0015)] [Staphylococcus aureus subsp. aureus MW2]		2064726533
2064726533.fna	NZ_CP077755.1	845409	846374	-	isdF	1-966/966	===============	0/0	100.00	99.90	vfdb	NP_645833	(isdF) iron-regulated surface determinant protein F ATP-binding-cassette-type transmembrane transporter [Isd (VF0015)] [Staphylococcus aureus subsp. aureus MW2]		2064726533
2064726533.fna	NZ_CP077755.1	846387	847265	-	isdE	1-879/879	===============	0/0	100.00	99.43	vfdb	YP_001332078	(isdE) iron-regulated surface determinant protein E [Isd (VF0015)] [Staphylococcus aureus subsp. aureus str. Newman]		2064726533
2064726533.fna	NZ_CP077755.1	847262	848338	-	isdD	1-1077/1077	===============	0/0	100.00	99.81	vfdb	NP_645831	(isdD) iron-regulated surface determinant protein D [Isd (VF0015)] [Staphylococcus aureus subsp. aureus MW2]		2064726533
2064726533.fna	NZ_CP077755.1	848338	849021	-	isdC	1-684/684	===============	0/0	100.00	99.56	vfdb	YP_001332076	(isdC) iron-regulated surface determinant protein C [Isd (VF0015)] [Staphylococcus aureus subsp. aureus str. Newman]		2064726533
2064726533.fna	NZ_CP077755.1	849230	850282	+	isdA	1-1053/1053	===============	0/0	100.00	99.72	vfdb	YP_001332075	(isdA) iron-regulated surface determinant protein A [Isd (VF0015)] [Staphylococcus aureus subsp. aureus str. Newman]		2064726533
2064726533.fna	NZ_CP077755.1	850485	852410	+	isdB	1-1938/1938	========/======	2/12	99.38	98.14	vfdb	YP_001332074	(isdB) iron-regulated surface determinant protein B haemoglobin receptor [Isd (VF0015)] [Staphylococcus aureus subsp. aureus str. Newman]		2064726533
2064726533.fna	NZ_CP077755.1	934341	935351	+	sspA	1-984/984	========/======	1/27	100.00	96.74	vfdb	NP_645749	(sspA) serine protease; V8 protease; glutamyl endopeptidase [V8 protease (VF0023)] [Staphylococcus aureus subsp. aureus MW2]		2064726533
2064726533.fna	NZ_CP077755.1	935433	936614	+	sspB	1-1182/1182	===============	0/0	100.00	100.00	vfdb	NP_645748	(sspB) staphopain cysteine proteinase SspB [Staphopain (VF0006)] [Staphylococcus aureus subsp. aureus MW2]		2064726533
2064726533.fna	NZ_CP077755.1	936652	936981	+	sspC	1-330/330	===============	0/0	100.00	100.00	vfdb	NP_645747	(sspC) Staphostatin B [Staphopain (VF0006)] [Staphylococcus aureus subsp. aureus MW2]		2064726533
2064726533.fna	NZ_CP077755.1	1095777	1097309	-	vWbp	1-1527/1527	========/======	10/18	99.61	82.91	vfdb	YP_001331791	(vWbp) secreted von Willebrand factor-binding protein precursor [vWbp (VF0420)] [Staphylococcus aureus subsp. aureus str. Newman]		2064726533
2064726533.fna	NZ_CP077755.1	1097530	1100331	-	clfA	1-2841/2841	========/======	3/45	98.52	94.02	vfdb	NP_645581	(clfA) Clumping factor A fibrinogen-binding protein [Clumping factor (VF0004)] [Staphylococcus aureus subsp. aureus MW2]		2064726533
2064726533.fna	NZ_CP077755.1	1336555	1339920	-	sdrE	1-3426/3426	========/======	4/60	98.25	94.78	vfdb	NP_645335	(sdrE) Ser-Asp rich fibrinogen-binding bone sialoprotein-binding protein [SDr (VF0019)] [Staphylococcus aureus subsp. aureus MW2]		2064726533
2064726533.fna	NZ_CP077755.1	1340588	1344460	-	sdrD	1-3855/4044	========/======	11/36	95.10	94.75	vfdb	NP_645334	(sdrD) Ser-Asp rich fibrinogen-binding bone sialoprotein-binding protein [SDr (VF0019)] [Staphylococcus aureus subsp. aureus MW2]		2064726533
2064726533.fna	NZ_CP077755.1	1345102	1347796	-	sdrC	1-2689/2868	========/======	4/22	93.48	93.56	vfdb	NP_645333	(sdrC) Ser-Asp rich fibrinogen-binding bone sialoprotein-binding protein [SDr (VF0019)] [Staphylococcus aureus subsp. aureus MW2]		2064726533
2064726533.fna	NZ_CP077755.1	1603921	1605993	-	geh	1-2073/2073	===============	0/0	100.00	99.71	vfdb	NP_645114	(geh) glycerol ester hydrolase [Lipase (VF0012)] [Staphylococcus aureus subsp. aureus MW2]		2064726533
2064726533.fna	NZ_CP077755.1	1633226	1633540	-	esxB	1-315/315	===============	0/0	100.00	97.46	vfdb	NP_645082	(esxB) type VII secretion system protein secreted protein EsxB [Type VII secretion system (VF0403)] [Staphylococcus aureus subsp. aureus MW2]		2064726533
2064726533.fna	NZ_CP077755.1	1633556	1633948	-	esaC	1-393/393	===============	0/0	100.00	97.71	vfdb	NP_645081	(esaC) type VII secretion system protein secreted protein EsxC [Type VII secretion system (VF0403)] [Staphylococcus aureus subsp. aureus MW2]		2064726533
2064726533.fna	NZ_CP077755.1	1633978	1638417	-	essC	1-4440/4440	===============	0/0	100.00	98.51	vfdb	NP_645079	(essC) type VII secretion system protein EssC FtsK/SpoIIIE family ATPase [Type VII secretion system (VF0403)] [Staphylococcus aureus subsp. aureus MW2]		2064726533
2064726533.fna	NZ_CP077755.1	1638439	1639773	-	essB	1-1335/1335	===============	0/0	100.00	98.95	vfdb	NP_645078	(essB) type VII secretion system protein EssB monotopic membrane protein [Type VII secretion system (VF0403)] [Staphylococcus aureus subsp. aureus MW2]		2064726533
2064726533.fna	NZ_CP077755.1	1639786	1640028	-	esaB	1-243/243	===============	0/0	100.00	99.59	vfdb	NP_645076	(esaB) type VII secretion system protein EsaB [Type VII secretion system (VF0403)] [Staphylococcus aureus subsp. aureus MW2]		2064726533
2064726533.fna	NZ_CP077755.1	1640000	1640458	-	essA	1-459/459	===============	0/0	100.00	98.26	vfdb	NP_645075	(essA) type VII secretion system protein EssA monotopic membrane protein [Type VII secretion system (VF0403)] [Staphylococcus aureus subsp. aureus MW2]		2064726533
2064726533.fna	NZ_CP077755.1	1640458	1643487	-	esaA	1-3030/3030	===============	0/0	100.00	98.94	vfdb	NP_645074	(esaA) type VII secretion system protein EsaA [Type VII secretion system (VF0403)] [Staphylococcus aureus subsp. aureus MW2]		2064726533
2064726533.fna	NZ_CP077755.1	1643570	1643863	-	esxA	1-294/294	===============	0/0	100.00	100.00	vfdb	NP_645073	(esxA) type VII secretion system protein secreted protein EsxA [Type VII secretion system (VF0403)] [Staphylococcus aureus subsp. aureus MW2]		2064726533
2064726533.fna	NZ_CP077755.1	1789183	1790328	-	cap8P	1-1146/1146	===============	0/0	100.00	99.65	vfdb	NP_644954	(cap8P) capsular polysaccharide synthesis enzyme Cap8P [Capsule (VF0003)] [Staphylococcus aureus subsp. aureus MW2]		2064726533
2064726533.fna	NZ_CP077755.1	1790405	1791667	-	cap8O	1-1263/1263	===============	0/0	100.00	98.73	vfdb	NP_644953	(cap8O) capsular polysaccharide synthesis enzyme Cap8O [Capsule (VF0003)] [Staphylococcus aureus subsp. aureus MW2]		2064726533
2064726533.fna	NZ_CP077755.1	1791721	1792608	-	cap8N	1-888/888	===============	0/0	100.00	99.78	vfdb	NP_644952	(cap8N) capsular polysaccharide synthesis enzyme Cap8N [Capsule (VF0003)] [Staphylococcus aureus subsp. aureus MW2]		2064726533
2064726533.fna	NZ_CP077755.1	1792649	1793206	-	cap8M	1-558/558	===============	0/0	100.00	99.82	vfdb	NP_644951	(cap8M) capsular polysaccharide synthesis enzyme Cap8M [Capsule (VF0003)] [Staphylococcus aureus subsp. aureus MW2]		2064726533
2064726533.fna	NZ_CP077755.1	1793217	1794422	-	cap8L	1-1206/1206	===============	0/0	100.00	99.58	vfdb	NP_644950	(cap8L) capsular polysaccharide synthesis enzyme Cap8L [Capsule (VF0003)] [Staphylococcus aureus subsp. aureus MW2]		2064726533
2064726533.fna	NZ_CP077755.1	1798544	1799668	-	cap8G	1-1125/1125	===============	0/0	100.00	99.73	vfdb	NP_644945	(cap8G) capsular polysaccharide synthesis enzyme Cap8G [Capsule (VF0003)] [Staphylococcus aureus subsp. aureus MW2]		2064726533
2064726533.fna	NZ_CP077755.1	1799672	1800781	-	cap8F	1-1110/1110	===============	0/0	100.00	99.01	vfdb	NP_644944	(cap8F) capsular polysaccharide synthesis enzyme Cap8F [Capsule (VF0003)] [Staphylococcus aureus subsp. aureus MW2]		2064726533
2064726533.fna	NZ_CP077755.1	1800794	1801822	-	cap8E	1-1029/1029	===============	0/0	100.00	100.00	vfdb	NP_644943	(cap8E) capsular polysaccharide synthesis enzyme Cap8E [Capsule (VF0003)] [Staphylococcus aureus subsp. aureus MW2]		2064726533
2064726533.fna	NZ_CP077755.1	1801812	1803635	-	cap8D	1-1824/1824	===============	0/0	100.00	99.62	vfdb	NP_644942	(cap8D) capsular polysaccharide synthesis enzyme Cap8D [Capsule (VF0003)] [Staphylococcus aureus subsp. aureus MW2]		2064726533
2064726533.fna	NZ_CP077755.1	1803655	1804419	-	cap8C	1-765/765	===============	0/0	100.00	99.74	vfdb	NP_644941	(cap8C) capsular polysaccharide synthesis enzyme Cap8C [Capsule (VF0003)] [Staphylococcus aureus subsp. aureus MW2]		2064726533
2064726533.fna	NZ_CP077755.1	1804422	1805108	-	cap8B	1-687/687	===============	0/0	100.00	99.85	vfdb	NP_644940	(cap8B) capsular polysaccharide synthesis enzyme Cap8B [Capsule (VF0003)] [Staphylococcus aureus subsp. aureus MW2]		2064726533
2064726533.fna	NZ_CP077755.1	1805276	1805792	-	cap8A	1-516/516	========/======	1/1	100.00	99.81	vfdb	NP_644939	(cap8A) capsular polysaccharide synthesis enzyme  [Capsule (VF0003)] [Staphylococcus aureus subsp. aureus MW2]		2064726533
2064726533.fna	NZ_CP077755.1	1984006	1986324	-	adsA	1-2319/2319	===============	0/0	100.00	97.20	vfdb	NP_644838	(adsA) Adenosine synthase A [AdsA (VF0422)] [Staphylococcus aureus subsp. aureus MW2]		2064726533
2064726533.fna	NZ_CP077755.1	2055692	2057737	+	lip	1-2046/2046	===============	0/0	100.00	99.95	vfdb	NP_647407	(lip) triacylglycerol lipase precursor [Lipase (CVF091)] [Staphylococcus aureus subsp. aureus MW2]		2064726533
2064726533.fna	NZ_CP077755.1	2057988	2059040	-	icaC	1-1053/1053	===============	0/0	100.00	99.14	vfdb	NP_647406	(icaC) intercellular adhesion protein C involved in polysaccharide intercellular adhesin(PIA) synthesis [Intercellular adhesion proteins (VF0014)] [Staphylococcus aureus subsp. aureus MW2]		2064726533
2064726533.fna	NZ_CP077755.1	2059027	2059899	-	icaB	1-873/873	===============	0/0	100.00	99.77	vfdb	NP_647405	(icaB) N-deacetylase involved in polysaccharide intercellular adhesin(PIA) synthesis [Intercellular adhesion proteins (VF0014)] [Staphylococcus aureus subsp. aureus MW2]		2064726533
2064726533.fna	NZ_CP077755.1	2059896	2060201	-	icaD	1-306/306	===============	0/0	100.00	99.67	vfdb	NP_647404	(icaD) intercellular adhesion protein D involved in polysaccharide intercellular adhesin(PIA) synthesis [Intercellular adhesion proteins (VF0014)] [Staphylococcus aureus subsp. aureus MW2]		2064726533
2064726533.fna	NZ_CP077755.1	2060165	2061403	-	icaA	1-1239/1239	===============	0/0	100.00	99.60	vfdb	NP_647403	(icaA) N-acetylglucosaminyltransferase involved in polysaccharide intercellular adhesin(PIA) synthesis [Intercellular adhesion proteins (VF0014)] [Staphylococcus aureus subsp. aureus MW2]		2064726533
2064726533.fna	NZ_CP077755.1	2061567	2062127	+	icaR	1-561/561	===============	0/0	100.00	99.47	vfdb	NP_647402	(icaR) ica operon transcriptional regulator IcaR [Intercellular adhesion proteins (VF0014)] [Staphylococcus aureus subsp. aureus MW2]		2064726533
2064726533.fna	NZ_CP077755.1	2101882	2103411	+	aur	1-1530/1530	===============	0/0	100.00	99.61	vfdb	NP_647375	(aur) zinc metalloproteinase aureolysin [Aureolysin (VF0024)] [Staphylococcus aureus subsp. aureus MW2]		2064726533
2064726533.fna	NZ_CP077755.1	2110481	2113144	+	clfB	1-2724/2724	========/======	5/66	97.69	95.23	vfdb	NP_647368	(clfB) Clumping factor B adhesin [Clumping factor (VF0004)] [Staphylococcus aureus subsp. aureus MW2]		2064726533
2064726533.fna	NZ_CP077755.1	2260556	2263382	+	fnbA	1-2815/3048	========/=====.	6/20	92.22	87.60	vfdb	NP_647238	(fnbA) fibronectin-binding protein A [FnBPs (VF0010)] [Staphylococcus aureus subsp. aureus MW2]		2064726533
2064726533.fna	NZ_CP077755.1	2264380	2267166	+	fnbB	1-2832/2832	========/======	20/95	97.53	86.49	vfdb	NP_647237	(fnbB) fibronectin-binding protein B [FnBPs (VF0010)] [Staphylococcus aureus subsp. aureus MW2]		2064726533
2064726533.fna	NZ_CP077755.1	2340794	2341771	-	hlgB	1-978/978	===============	0/0	100.00	99.80	vfdb	NP_647161	(hlgB) gamma-hemolysin component B [<gamma>-hemolysin (VF0011)] [Staphylococcus aureus subsp. aureus MW2]		2064726533
2064726533.fna	NZ_CP077755.1	2341773	2342720	-	hlgC	1-948/948	===============	0/0	100.00	99.26	vfdb	NP_647160	(hlgC) gamma-hemolysin component C [<gamma>-hemolysin (VF0011)] [Staphylococcus aureus subsp. aureus MW2]		2064726533
2064726533.fna	NZ_CP077755.1	2343288	2344217	-	hlgA	1-930/930	===============	0/0	100.00	99.57	vfdb	NP_647159	(hlgA) gamma-hemolysin chain II precursor [<gamma>-hemolysin (VF0011)] [Staphylococcus aureus subsp. aureus MW2]		2064726533
2064726533.fna	NZ_CP077755.1	2344753	2346066	-	sbi	1-1314/1314	========/======	2/2	99.92	94.91	vfdb	NP_647158	(sbi) IgG-binding protein SBI [Sbi (VF0423)] [Staphylococcus aureus subsp. aureus MW2]		2064726533
2064726533.fna	NZ_CP077755.1	2542454	2544904	-	hysA	1-2448/2448	========/======	2/9	99.88	91.61	vfdb	NP_646946	(hysA) hyaluronate lyase precursor [Hyaluronate lyase (VF0013)] [Staphylococcus aureus subsp. aureus MW2]		2064726533
2064726533.fna	NZ_CP077755.1	2732703	2732837	+	hld	1-135/135	===============	0/0	100.00	99.26	vfdb	NP_646776	(hld) delta-hemolysin [<delta>-hemolysin (VF0007)] [Staphylococcus aureus subsp. aureus MW2]		2064726533
2064726533.fna	NZ_CP077755.1	2750884	2751876	-	hlb	1-993/993	===============	0/0	100.00	99.30	vfdb	YP_186826	(hlb) beta-hemolysin [<beta>-hemolysin (VF0002)] [Staphylococcus aureus subsp. aureus COL]		2064726533
2064726533.fna	NZ_CP077755.1	2752265	2754013	+	map	1-1755/1755	========/======	1/6	99.66	94.93	vfdb	CAB94853	(map) extracellular proteins Map [Eap/Map (VF0016)] [Staphylococcus aureus str. Newman D2C (ATCC 25904)]		2064726533
2236627887.fna	NZ_CP092475.1	37458	39503	+	lip	1-2046/2046	===============	0/0	100.00	98.63	vfdb	NP_647407	(lip) triacylglycerol lipase precursor [Lipase (CVF091)] [Staphylococcus aureus subsp. aureus MW2]		2236627887
2236627887.fna	NZ_CP092475.1	39894	40946	-	icaC	1-1053/1053	===============	0/0	100.00	97.25	vfdb	NP_647406	(icaC) intercellular adhesion protein C involved in polysaccharide intercellular adhesin(PIA) synthesis [Intercellular adhesion proteins (VF0014)] [Staphylococcus aureus subsp. aureus MW2]		2236627887
2236627887.fna	NZ_CP092475.1	40933	41805	-	icaB	1-873/873	===============	0/0	100.00	99.31	vfdb	NP_647405	(icaB) N-deacetylase involved in polysaccharide intercellular adhesin(PIA) synthesis [Intercellular adhesion proteins (VF0014)] [Staphylococcus aureus subsp. aureus MW2]		2236627887
2236627887.fna	NZ_CP092475.1	41802	42107	-	icaD	1-306/306	===============	0/0	100.00	99.67	vfdb	NP_647404	(icaD) intercellular adhesion protein D involved in polysaccharide intercellular adhesin(PIA) synthesis [Intercellular adhesion proteins (VF0014)] [Staphylococcus aureus subsp. aureus MW2]		2236627887
2236627887.fna	NZ_CP092475.1	42071	43309	-	icaA	1-1239/1239	===============	0/0	100.00	99.76	vfdb	NP_647403	(icaA) N-acetylglucosaminyltransferase involved in polysaccharide intercellular adhesin(PIA) synthesis [Intercellular adhesion proteins (VF0014)] [Staphylococcus aureus subsp. aureus MW2]		2236627887
2236627887.fna	NZ_CP092475.1	43474	44034	+	icaR	1-561/561	===============	0/0	100.00	99.47	vfdb	NP_647402	(icaR) ica operon transcriptional regulator IcaR [Intercellular adhesion proteins (VF0014)] [Staphylococcus aureus subsp. aureus MW2]		2236627887
2236627887.fna	NZ_CP092475.1	84368	85897	+	aur	1-1530/1530	===============	0/0	100.00	90.39	vfdb	NP_647375	(aur) zinc metalloproteinase aureolysin [Aureolysin (VF0024)] [Staphylococcus aureus subsp. aureus MW2]		2236627887
2236627887.fna	NZ_CP092475.1	92970	95663	+	clfB	1-2724/2724	========/======	9/72	98.13	91.08	vfdb	NP_647368	(clfB) Clumping factor B adhesin [Clumping factor (VF0004)] [Staphylococcus aureus subsp. aureus MW2]		2236627887
2236627887.fna	NZ_CP092475.1	238662	241709	+	fnbA	1-3048/3048	===============	0/0	100.00	97.93	vfdb	NP_647238	(fnbA) fibronectin-binding protein A [FnBPs (VF0010)] [Staphylococcus aureus subsp. aureus MW2]		2236627887
2236627887.fna	NZ_CP092475.1	329339	330316	-	hlgB	1-978/978	===============	0/0	100.00	93.56	vfdb	NP_647161	(hlgB) gamma-hemolysin component B [<gamma>-hemolysin (VF0011)] [Staphylococcus aureus subsp. aureus MW2]		2236627887
2236627887.fna	NZ_CP092475.1	330318	331265	-	hlgC	1-948/948	===============	0/0	100.00	92.93	vfdb	NP_647160	(hlgC) gamma-hemolysin component C [<gamma>-hemolysin (VF0011)] [Staphylococcus aureus subsp. aureus MW2]		2236627887
2236627887.fna	NZ_CP092475.1	331833	332762	-	hlgA	1-930/930	===============	0/0	100.00	99.14	vfdb	NP_647159	(hlgA) gamma-hemolysin chain II precursor [<gamma>-hemolysin (VF0011)] [Staphylococcus aureus subsp. aureus MW2]		2236627887
2236627887.fna	NZ_CP092475.1	333285	334563	-	sbi	1-1279/1314	========/======	2/6	97.11	93.84	vfdb	NP_647158	(sbi) IgG-binding protein SBI [Sbi (VF0423)] [Staphylococcus aureus subsp. aureus MW2]		2236627887
2236627887.fna	NZ_CP092475.1	534554	536971	-	hysA	1-2418/2448	========/======	2/2	98.73	92.85	vfdb	NP_646946	(hysA) hyaluronate lyase precursor [Hyaluronate lyase (VF0013)] [Staphylococcus aureus subsp. aureus MW2]		2236627887
2236627887.fna	NZ_CP092475.1	725834	725968	+	hld	1-135/135	===============	0/0	100.00	99.26	vfdb	NP_646776	(hld) delta-hemolysin [<delta>-hemolysin (VF0007)] [Staphylococcus aureus subsp. aureus MW2]		2236627887
2236627887.fna	NZ_CP092475.1	743903	744726	-	hlb	170-993/993	..=============	0/0	82.98	98.91	vfdb	YP_186826	(hlb) beta-hemolysin [<beta>-hemolysin (VF0002)] [Staphylococcus aureus subsp. aureus COL]		2236627887
2236627887.fna	NZ_CP092475.1	784308	784799	+	sak	1-492/492	===============	0/0	100.00	99.19	vfdb	NP_646702	(sak) Staphylokinase precursor [Staphylokinase (VF0021)] [Staphylococcus aureus subsp. aureus MW2]		2236627887
2236627887.fna	NZ_CP092475.1	785879	786328	-	chp	1-450/450	===============	0/0	100.00	100.00	vfdb	YP_001332911	(chp) chemotaxis-inhibiting protein CHIPS [CHIPS (VF0424)] [Staphylococcus aureus subsp. aureus str. Newman]		2236627887
2236627887.fna	NZ_CP092475.1	787013	787363	+	scn	1-351/351	===============	0/0	100.00	100.00	vfdb	YP_001332910	(scn) complement inhibitor SCIN [SCIN (VF0425)] [Staphylococcus aureus subsp. aureus str. Newman]		2236627887
2236627887.fna	NZ_CP092475.1	789124	790871	+	map	1-1755/1755	========/======	2/7	99.60	90.71	vfdb	CAB94853	(map) extracellular proteins Map [Eap/Map (VF0016)] [Staphylococcus aureus str. Newman D2C (ATCC 25904)]		2236627887
2236627887.fna	NZ_CP092475.1	1317295	1318746	+	ebp	1-1461/1461	========/======	1/9	99.38	96.85	vfdb	NP_646186	(ebp) cell surface elastin binding protein [EbpS (VF0008)] [Staphylococcus aureus subsp. aureus MW2]		2236627887
2236627887.fna	NZ_CP092475.1	1719453	1720412	+	hly/hla	1-960/960	===============	0/0	100.00	95.31	vfdb	NP_645861	(hly/hla) Alpha-Hemolysin precursor [<alpha>-hemolysin (VF0001)] [Staphylococcus aureus subsp. aureus MW2]		2236627887
2236627887.fna	NZ_CP092475.1	1748173	1748496	-	isdG	1-324/324	===============	0/0	100.00	99.07	vfdb	YP_001332081	(isdG) iron-regulated surface determinant protein G [Isd (VF0015)] [Staphylococcus aureus subsp. aureus str. Newman]		2236627887
2236627887.fna	NZ_CP092475.1	1748515	1749249	-	srtB	1-735/735	===============	0/0	100.00	99.32	vfdb	NP_645834	(srtB) NPQTN specific sortase B [Isd (VF0015)] [Staphylococcus aureus subsp. aureus MW2]		2236627887
2236627887.fna	NZ_CP092475.1	1749311	1750276	-	isdF	1-966/966	===============	0/0	100.00	98.97	vfdb	NP_645833	(isdF) iron-regulated surface determinant protein F ATP-binding-cassette-type transmembrane transporter [Isd (VF0015)] [Staphylococcus aureus subsp. aureus MW2]		2236627887
2236627887.fna	NZ_CP092475.1	1750289	1751167	-	isdE	1-879/879	===============	0/0	100.00	99.43	vfdb	YP_001332078	(isdE) iron-regulated surface determinant protein E [Isd (VF0015)] [Staphylococcus aureus subsp. aureus str. Newman]		2236627887
2236627887.fna	NZ_CP092475.1	1751164	1752240	-	isdD	1-1077/1077	===============	0/0	100.00	98.98	vfdb	NP_645831	(isdD) iron-regulated surface determinant protein D [Isd (VF0015)] [Staphylococcus aureus subsp. aureus MW2]		2236627887
2236627887.fna	NZ_CP092475.1	1752240	1752923	-	isdC	1-684/684	===============	0/0	100.00	99.71	vfdb	YP_001332076	(isdC) iron-regulated surface determinant protein C [Isd (VF0015)] [Staphylococcus aureus subsp. aureus str. Newman]		2236627887
2236627887.fna	NZ_CP092475.1	1753132	1754184	+	isdA	1-1053/1053	===============	0/0	100.00	98.86	vfdb	YP_001332075	(isdA) iron-regulated surface determinant protein A [Isd (VF0015)] [Staphylococcus aureus subsp. aureus str. Newman]		2236627887
2236627887.fna	NZ_CP092475.1	1754387	1756321	+	isdB	1-1938/1938	========/======	1/3	99.85	98.71	vfdb	YP_001332074	(isdB) iron-regulated surface determinant protein B haemoglobin receptor [Isd (VF0015)] [Staphylococcus aureus subsp. aureus str. Newman]		2236627887
2236627887.fna	NZ_CP092475.1	1837766	1838710	+	sspA	1-945/984	===============	0/0	96.04	96.93	vfdb	NP_645749	(sspA) serine protease; V8 protease; glutamyl endopeptidase [V8 protease (VF0023)] [Staphylococcus aureus subsp. aureus MW2]		2236627887
2236627887.fna	NZ_CP092475.1	1838912	1840093	+	sspB	1-1182/1182	===============	0/0	100.00	99.24	vfdb	NP_645748	(sspB) staphopain cysteine proteinase SspB [Staphopain (VF0006)] [Staphylococcus aureus subsp. aureus MW2]		2236627887
2236627887.fna	NZ_CP092475.1	1840131	1840460	+	sspC	1-330/330	===============	0/0	100.00	99.70	vfdb	NP_645747	(sspC) Staphostatin B [Staphopain (VF0006)] [Staphylococcus aureus subsp. aureus MW2]		2236627887
2236627887.fna	NZ_CP092475.1	2004335	2007148	-	clfA	1-2841/2841	========/======	7/49	98.66	89.69	vfdb	NP_645581	(clfA) Clumping factor A fibrinogen-binding protein [Clumping factor (VF0004)] [Staphylococcus aureus subsp. aureus MW2]		2236627887
2236627887.fna	NZ_CP092475.1	2237560	2241021	-	sdrE	1-3426/3426	========/======	4/72	99.47	96.92	vfdb	NP_645335	(sdrE) Ser-Asp rich fibrinogen-binding bone sialoprotein-binding protein [SDr (VF0019)] [Staphylococcus aureus subsp. aureus MW2]		2236627887
2236627887.fna	NZ_CP092475.1	2241415	2245422	-	sdrD	1-4044/4044	========/======	12/54	98.89	93.56	vfdb	NP_645334	(sdrD) Ser-Asp rich fibrinogen-binding bone sialoprotein-binding protein [SDr (VF0019)] [Staphylococcus aureus subsp. aureus MW2]		2236627887
2236627887.fna	NZ_CP092475.1	2245789	2248698	-	sdrC	1-2868/2868	========/======	5/46	99.93	93.51	vfdb	NP_645333	(sdrC) Ser-Asp rich fibrinogen-binding bone sialoprotein-binding protein [SDr (VF0019)] [Staphylococcus aureus subsp. aureus MW2]		2236627887
2236627887.fna	NZ_CP092475.1	2412994	2413716	+	sell	1-723/723	===============	0/0	100.00	99.45	vfdb	NP_645577	(sell) staphylococcal enterotoxin L precursor [Enterotoxin-like L (CVF065)] [Staphylococcus aureus subsp. aureus MW2]		2236627887
2236627887.fna	NZ_CP092475.1	2413883	2414683	-	sec	1-801/801	===============	0/0	100.00	97.88	vfdb	NP_645576	(sec) staphylococcal enterotoxin C precursor [Enterotoxin C (CVF057)] [Staphylococcus aureus subsp. aureus MW2]		2236627887
2236627887.fna	NZ_CP092475.1	2495339	2497414	-	geh	1-2073/2073	========/======	1/3	100.00	97.93	vfdb	NP_645114	(geh) glycerol ester hydrolase [Lipase (VF0012)] [Staphylococcus aureus subsp. aureus MW2]		2236627887
2236627887.fna	NZ_CP092475.1	2530110	2531444	-	essB	1-1335/1335	===============	0/0	100.00	95.43	vfdb	NP_645078	(essB) type VII secretion system protein EssB monotopic membrane protein [Type VII secretion system (VF0403)] [Staphylococcus aureus subsp. aureus MW2]		2236627887
2236627887.fna	NZ_CP092475.1	2531457	2531699	-	esaB	1-243/243	===============	0/0	100.00	93.42	vfdb	NP_645076	(esaB) type VII secretion system protein EsaB [Type VII secretion system (VF0403)] [Staphylococcus aureus subsp. aureus MW2]		2236627887
2236627887.fna	NZ_CP092475.1	2531671	2532129	-	essA	1-459/459	===============	0/0	100.00	99.78	vfdb	NP_645075	(essA) type VII secretion system protein EssA monotopic membrane protein [Type VII secretion system (VF0403)] [Staphylococcus aureus subsp. aureus MW2]		2236627887
2236627887.fna	NZ_CP092475.1	2532129	2535158	-	esaA	1-3030/3030	===============	0/0	100.00	98.81	vfdb	NP_645074	(esaA) type VII secretion system protein EsaA [Type VII secretion system (VF0403)] [Staphylococcus aureus subsp. aureus MW2]		2236627887
2236627887.fna	NZ_CP092475.1	2535241	2535534	-	esxA	1-294/294	===============	0/0	100.00	99.32	vfdb	NP_645073	(esxA) type VII secretion system protein secreted protein EsxA [Type VII secretion system (VF0403)] [Staphylococcus aureus subsp. aureus MW2]		2236627887
2236627887.fna	NZ_CP092475.1	2599652	2601507	-	coa	1-1868/1902	========/======	16/52	96.53	81.73	vfdb	NP_645021	(coa) staphylocoagulase precursor [Staphylocoagulase (VF0421)] [Staphylococcus aureus subsp. aureus MW2]		2236627887
2236627887.fna	NZ_CP092475.1	2677753	2678898	-	cap8P	1-1146/1146	===============	0/0	100.00	99.04	vfdb	NP_644954	(cap8P) capsular polysaccharide synthesis enzyme Cap8P [Capsule (VF0003)] [Staphylococcus aureus subsp. aureus MW2]		2236627887
2236627887.fna	NZ_CP092475.1	2678975	2680237	-	cap8O	1-1263/1263	===============	0/0	100.00	98.73	vfdb	NP_644953	(cap8O) capsular polysaccharide synthesis enzyme Cap8O [Capsule (VF0003)] [Staphylococcus aureus subsp. aureus MW2]		2236627887
2236627887.fna	NZ_CP092475.1	2680291	2681178	-	cap8N	1-888/888	===============	0/0	100.00	98.76	vfdb	NP_644952	(cap8N) capsular polysaccharide synthesis enzyme Cap8N [Capsule (VF0003)] [Staphylococcus aureus subsp. aureus MW2]		2236627887
2236627887.fna	NZ_CP092475.1	2681178	2681735	-	cap8M	1-558/558	===============	0/0	100.00	99.64	vfdb	NP_644951	(cap8M) capsular polysaccharide synthesis enzyme Cap8M [Capsule (VF0003)] [Staphylococcus aureus subsp. aureus MW2]		2236627887
2236627887.fna	NZ_CP092475.1	2681746	2682951	-	cap8L	1-1206/1206	===============	0/0	100.00	99.58	vfdb	NP_644950	(cap8L) capsular polysaccharide synthesis enzyme Cap8L [Capsule (VF0003)] [Staphylococcus aureus subsp. aureus MW2]		2236627887
2236627887.fna	NZ_CP092475.1	2687073	2688197	-	cap8G	1-1125/1125	===============	0/0	100.00	99.38	vfdb	NP_644945	(cap8G) capsular polysaccharide synthesis enzyme Cap8G [Capsule (VF0003)] [Staphylococcus aureus subsp. aureus MW2]		2236627887
2236627887.fna	NZ_CP092475.1	2688201	2689310	-	cap8F	1-1110/1110	===============	0/0	100.00	98.56	vfdb	NP_644944	(cap8F) capsular polysaccharide synthesis enzyme Cap8F [Capsule (VF0003)] [Staphylococcus aureus subsp. aureus MW2]		2236627887
2236627887.fna	NZ_CP092475.1	2689323	2690351	-	cap8E	1-1029/1029	===============	0/0	100.00	99.03	vfdb	NP_644943	(cap8E) capsular polysaccharide synthesis enzyme Cap8E [Capsule (VF0003)] [Staphylococcus aureus subsp. aureus MW2]		2236627887
2236627887.fna	NZ_CP092475.1	2690341	2692164	-	cap8D	1-1824/1824	===============	0/0	100.00	99.29	vfdb	NP_644942	(cap8D) capsular polysaccharide synthesis enzyme Cap8D [Capsule (VF0003)] [Staphylococcus aureus subsp. aureus MW2]		2236627887
2236627887.fna	NZ_CP092475.1	2692184	2692948	-	cap8C	1-765/765	===============	0/0	100.00	99.35	vfdb	NP_644941	(cap8C) capsular polysaccharide synthesis enzyme Cap8C [Capsule (VF0003)] [Staphylococcus aureus subsp. aureus MW2]		2236627887
2236627887.fna	NZ_CP092475.1	2692951	2693637	-	cap8B	1-687/687	===============	0/0	100.00	93.01	vfdb	NP_644940	(cap8B) capsular polysaccharide synthesis enzyme Cap8B [Capsule (VF0003)] [Staphylococcus aureus subsp. aureus MW2]		2236627887
2236627887.fna	NZ_CP092475.1	2693805	2694321	-	cap8A	1-516/516	========/======	1/1	100.00	97.10	vfdb	NP_644939	(cap8A) capsular polysaccharide synthesis enzyme  [Capsule (VF0003)] [Staphylococcus aureus subsp. aureus MW2]		2236627887
2236627887.fna	NZ_CP092475.1	2736921	2738108	+	spa	1-1188/1479	=============..	0/0	80.32	97.98	vfdb	NP_644899	(spa) Immunoglobulin G binding protein A precursor [SpA (VF0017)] [Staphylococcus aureus subsp. aureus MW2]		2236627887
2236627887.fna	NZ_CP092475.1	2805600	2807918	-	adsA	1-2319/2319	===============	0/0	100.00	96.85	vfdb	NP_644838	(adsA) Adenosine synthase A [AdsA (VF0422)] [Staphylococcus aureus subsp. aureus MW2]		2236627887
2999172154.fna	NZ_CP049976.1	295733	298072	+	sdrC	1-2367/2868	========/====..	8/35	81.45	90.38	vfdb	NP_645333	(sdrC) Ser-Asp rich fibrinogen-binding bone sialoprotein-binding protein [SDr (VF0019)] [Staphylococcus aureus subsp. aureus MW2]		2999172154
2999172154.fna	NZ_CP049976.1	303187	306266	+	sdrE	1-3098/3426	========/=====.	1/18	89.90	95.00	vfdb	NP_645335	(sdrE) Ser-Asp rich fibrinogen-binding bone sialoprotein-binding protein [SDr (VF0019)] [Staphylococcus aureus subsp. aureus MW2]		2999172154
2999172154.fna	NZ_CP049976.1	553511	556342	+	clfA	1-2841/2841	========/======	7/51	98.94	90.22	vfdb	NP_645581	(clfA) Clumping factor A fibrinogen-binding protein [Clumping factor (VF0004)] [Staphylococcus aureus subsp. aureus MW2]		2999172154
2999172154.fna	NZ_CP049976.1	737522	737851	-	sspC	1-330/330	===============	0/0	100.00	99.39	vfdb	NP_645747	(sspC) Staphostatin B [Staphopain (VF0006)] [Staphylococcus aureus subsp. aureus MW2]		2999172154
2999172154.fna	NZ_CP049976.1	737889	739070	-	sspB	1-1182/1182	===============	0/0	100.00	97.04	vfdb	NP_645748	(sspB) staphopain cysteine proteinase SspB [Staphopain (VF0006)] [Staphylococcus aureus subsp. aureus MW2]		2999172154
2999172154.fna	NZ_CP049976.1	739237	740180	-	sspA	1-944/984	===============	0/0	95.93	94.92	vfdb	NP_645749	(sspA) serine protease; V8 protease; glutamyl endopeptidase [V8 protease (VF0023)] [Staphylococcus aureus subsp. aureus MW2]		2999172154
2999172154.fna	NZ_CP049976.1	821724	823652	-	isdB	1-1938/1938	========/======	3/15	99.38	95.93	vfdb	YP_001332074	(isdB) iron-regulated surface determinant protein B haemoglobin receptor [Isd (VF0015)] [Staphylococcus aureus subsp. aureus str. Newman]		2999172154
2999172154.fna	NZ_CP049976.1	823855	824919	-	isdA	1-1053/1053	========/======	1/12	100.00	94.27	vfdb	YP_001332075	(isdA) iron-regulated surface determinant protein A [Isd (VF0015)] [Staphylococcus aureus subsp. aureus str. Newman]		2999172154
2999172154.fna	NZ_CP049976.1	825129	825811	+	isdC	2-684/684	===============	0/0	99.85	97.07	vfdb	YP_001332076	(isdC) iron-regulated surface determinant protein C [Isd (VF0015)] [Staphylococcus aureus subsp. aureus str. Newman]		2999172154
2999172154.fna	NZ_CP049976.1	825811	826887	+	isdD	1-1077/1077	===============	0/0	100.00	98.05	vfdb	NP_645831	(isdD) iron-regulated surface determinant protein D [Isd (VF0015)] [Staphylococcus aureus subsp. aureus MW2]		2999172154
2999172154.fna	NZ_CP049976.1	826884	827762	+	isdE	1-879/879	===============	0/0	100.00	99.55	vfdb	YP_001332078	(isdE) iron-regulated surface determinant protein E [Isd (VF0015)] [Staphylococcus aureus subsp. aureus str. Newman]		2999172154
2999172154.fna	NZ_CP049976.1	827775	828740	+	isdF	1-966/966	===============	0/0	100.00	98.86	vfdb	NP_645833	(isdF) iron-regulated surface determinant protein F ATP-binding-cassette-type transmembrane transporter [Isd (VF0015)] [Staphylococcus aureus subsp. aureus MW2]		2999172154
2999172154.fna	NZ_CP049976.1	828802	829536	+	srtB	1-735/735	===============	0/0	100.00	99.32	vfdb	NP_645834	(srtB) NPQTN specific sortase B [Isd (VF0015)] [Staphylococcus aureus subsp. aureus MW2]		2999172154
2999172154.fna	NZ_CP049976.1	829555	829878	+	isdG	1-324/324	===============	0/0	100.00	99.38	vfdb	YP_001332081	(isdG) iron-regulated surface determinant protein G [Isd (VF0015)] [Staphylococcus aureus subsp. aureus str. Newman]		2999172154
2999172154.fna	NZ_CP049976.1	855475	856434	-	hly/hla	1-960/960	===============	0/0	100.00	95.52	vfdb	NP_645861	(hly/hla) Alpha-Hemolysin precursor [<alpha>-hemolysin (VF0001)] [Staphylococcus aureus subsp. aureus MW2]		2999172154
2999172154.fna	NZ_CP049976.1	1239401	1240855	-	ebp	1-1461/1461	========/======	2/12	99.38	96.52	vfdb	NP_646186	(ebp) cell surface elastin binding protein [EbpS (VF0008)] [Staphylococcus aureus subsp. aureus MW2]		2999172154
2999172154.fna	NZ_CP049976.1	1622704	1625118	+	hysA	1-2418/2448	========/======	13/37	97.96	81.07	vfdb	NP_646946	(hysA) hyaluronate lyase precursor [Hyaluronate lyase (VF0013)] [Staphylococcus aureus subsp. aureus MW2]		2999172154
2999172154.fna	NZ_CP049976.1	1752827	1754572	-	map	1-1746/1755	========/======	8/12	99.15	86.07	vfdb	CAB94853	(map) extracellular proteins Map [Eap/Map (VF0016)] [Staphylococcus aureus str. Newman D2C (ATCC 25904)]		2999172154
2999172154.fna	NZ_CP049976.1	1754961	1755953	+	hlb	1-993/993	===============	0/0	100.00	95.37	vfdb	YP_186826	(hlb) beta-hemolysin [<beta>-hemolysin (VF0002)] [Staphylococcus aureus subsp. aureus COL]		2999172154
2999172154.fna	NZ_CP049976.1	1786410	1786544	-	hld	1-135/135	===============	0/0	100.00	99.26	vfdb	NP_646776	(hld) delta-hemolysin [<delta>-hemolysin (VF0007)] [Staphylococcus aureus subsp. aureus MW2]		2999172154
2999172154.fna	NZ_CP049976.1	1989833	1992253	+	hysA	1-2418/2448	========/======	9/11	98.61	91.88	vfdb	NP_646946	(hysA) hyaluronate lyase precursor [Hyaluronate lyase (VF0013)] [Staphylococcus aureus subsp. aureus MW2]		2999172154
2999172154.fna	NZ_CP049976.1	2190519	2191829	+	sbi	1-1314/1314	========/======	3/9	99.54	93.47	vfdb	NP_647158	(sbi) IgG-binding protein SBI [Sbi (VF0423)] [Staphylococcus aureus subsp. aureus MW2]		2999172154
2999172154.fna	NZ_CP049976.1	2192365	2193294	+	hlgA	1-930/930	===============	0/0	100.00	99.03	vfdb	NP_647159	(hlgA) gamma-hemolysin chain II precursor [<gamma>-hemolysin (VF0011)] [Staphylococcus aureus subsp. aureus MW2]		2999172154
2999172154.fna	NZ_CP049976.1	2193862	2194809	+	hlgC	1-948/948	===============	0/0	100.00	95.67	vfdb	NP_647160	(hlgC) gamma-hemolysin component C [<gamma>-hemolysin (VF0011)] [Staphylococcus aureus subsp. aureus MW2]		2999172154
2999172154.fna	NZ_CP049976.1	2194811	2195788	+	hlgB	1-978/978	===============	0/0	100.00	94.78	vfdb	NP_647161	(hlgB) gamma-hemolysin component B [<gamma>-hemolysin (VF0011)] [Staphylococcus aureus subsp. aureus MW2]		2999172154
2999172154.fna	NZ_CP049976.1	2273892	2276747	-	fnbB	1-2832/2832	========/======	12/66	99.26	86.48	vfdb	NP_647237	(fnbB) fibronectin-binding protein B [FnBPs (VF0010)] [Staphylococcus aureus subsp. aureus MW2]		2999172154
2999172154.fna	NZ_CP049976.1	2277427	2280480	-	fnbA	1-3048/3048	========/======	22/48	99.31	87.38	vfdb	NP_647238	(fnbA) fibronectin-binding protein A [FnBPs (VF0010)] [Staphylococcus aureus subsp. aureus MW2]		2999172154
2999172154.fna	NZ_CP049976.1	2422764	2425427	-	clfB	1-2724/2724	========/======	5/66	97.69	95.23	vfdb	NP_647368	(clfB) Clumping factor B adhesin [Clumping factor (VF0004)] [Staphylococcus aureus subsp. aureus MW2]		2999172154
2999172154.fna	NZ_CP049976.1	2432496	2434025	-	aur	1-1530/1530	===============	0/0	100.00	99.61	vfdb	NP_647375	(aur) zinc metalloproteinase aureolysin [Aureolysin (VF0024)] [Staphylococcus aureus subsp. aureus MW2]		2999172154
2999172154.fna	NZ_CP049976.1	2473780	2474340	-	icaR	1-561/561	===============	0/0	100.00	99.47	vfdb	NP_647402	(icaR) ica operon transcriptional regulator IcaR [Intercellular adhesion proteins (VF0014)] [Staphylococcus aureus subsp. aureus MW2]		2999172154
2999172154.fna	NZ_CP049976.1	2474504	2475742	+	icaA	1-1239/1239	===============	0/0	100.00	99.60	vfdb	NP_647403	(icaA) N-acetylglucosaminyltransferase involved in polysaccharide intercellular adhesin(PIA) synthesis [Intercellular adhesion proteins (VF0014)] [Staphylococcus aureus subsp. aureus MW2]		2999172154
2999172154.fna	NZ_CP049976.1	2475706	2476011	+	icaD	1-306/306	===============	0/0	100.00	99.67	vfdb	NP_647404	(icaD) intercellular adhesion protein D involved in polysaccharide intercellular adhesin(PIA) synthesis [Intercellular adhesion proteins (VF0014)] [Staphylococcus aureus subsp. aureus MW2]		2999172154
2999172154.fna	NZ_CP049976.1	2476008	2476880	+	icaB	1-873/873	===============	0/0	100.00	99.66	vfdb	NP_647405	(icaB) N-deacetylase involved in polysaccharide intercellular adhesin(PIA) synthesis [Intercellular adhesion proteins (VF0014)] [Staphylococcus aureus subsp. aureus MW2]		2999172154
2999172154.fna	NZ_CP049976.1	2476867	2477919	+	icaC	1-1053/1053	===============	0/0	100.00	99.14	vfdb	NP_647406	(icaC) intercellular adhesion protein C involved in polysaccharide intercellular adhesin(PIA) synthesis [Intercellular adhesion proteins (VF0014)] [Staphylococcus aureus subsp. aureus MW2]		2999172154
2999172154.fna	NZ_CP049976.1	2478170	2480215	-	lip	1-2046/2046	===============	0/0	100.00	99.95	vfdb	NP_647407	(lip) triacylglycerol lipase precursor [Lipase (CVF091)] [Staphylococcus aureus subsp. aureus MW2]		2999172154
2999172154.fna	NZ_CP049976.1	2549503	2551821	+	adsA	1-2319/2319	===============	0/0	100.00	97.20	vfdb	NP_644838	(adsA) Adenosine synthase A [AdsA (VF0422)] [Staphylococcus aureus subsp. aureus MW2]		2999172154
2999172154.fna	NZ_CP049976.1	2634134	2635636	-	spa	1-1479/1479	========/======	1/24	100.00	97.07	vfdb	NP_644899	(spa) Immunoglobulin G binding protein A precursor [SpA (VF0017)] [Staphylococcus aureus subsp. aureus MW2]		2999172154
2999172154.fna	NZ_CP049976.1	2679543	2680059	+	cap8A	1-516/516	========/======	1/1	100.00	99.23	vfdb	NP_644939	(cap8A) capsular polysaccharide synthesis enzyme  [Capsule (VF0003)] [Staphylococcus aureus subsp. aureus MW2]		2999172154
2999172154.fna	NZ_CP049976.1	2680227	2680913	+	cap8B	1-687/687	===============	0/0	100.00	98.11	vfdb	NP_644940	(cap8B) capsular polysaccharide synthesis enzyme Cap8B [Capsule (VF0003)] [Staphylococcus aureus subsp. aureus MW2]		2999172154
2999172154.fna	NZ_CP049976.1	2680916	2681680	+	cap8C	1-765/765	===============	0/0	100.00	99.22	vfdb	NP_644941	(cap8C) capsular polysaccharide synthesis enzyme Cap8C [Capsule (VF0003)] [Staphylococcus aureus subsp. aureus MW2]		2999172154
2999172154.fna	NZ_CP049976.1	2681700	2683523	+	cap8D	1-1824/1824	===============	0/0	100.00	99.29	vfdb	NP_644942	(cap8D) capsular polysaccharide synthesis enzyme Cap8D [Capsule (VF0003)] [Staphylococcus aureus subsp. aureus MW2]		2999172154
2999172154.fna	NZ_CP049976.1	2683513	2684541	+	cap8E	1-1029/1029	===============	0/0	100.00	98.83	vfdb	NP_644943	(cap8E) capsular polysaccharide synthesis enzyme Cap8E [Capsule (VF0003)] [Staphylococcus aureus subsp. aureus MW2]		2999172154
2999172154.fna	NZ_CP049976.1	2684554	2685663	+	cap8F	1-1110/1110	===============	0/0	100.00	98.29	vfdb	NP_644944	(cap8F) capsular polysaccharide synthesis enzyme Cap8F [Capsule (VF0003)] [Staphylococcus aureus subsp. aureus MW2]		2999172154
2999172154.fna	NZ_CP049976.1	2685667	2686791	+	cap8G	1-1125/1125	===============	0/0	100.00	99.11	vfdb	NP_644945	(cap8G) capsular polysaccharide synthesis enzyme Cap8G [Capsule (VF0003)] [Staphylococcus aureus subsp. aureus MW2]		2999172154
2999172154.fna	NZ_CP049976.1	2690913	2692118	+	cap8L	1-1206/1206	===============	0/0	100.00	98.59	vfdb	NP_644950	(cap8L) capsular polysaccharide synthesis enzyme Cap8L [Capsule (VF0003)] [Staphylococcus aureus subsp. aureus MW2]		2999172154
2999172154.fna	NZ_CP049976.1	2692129	2692686	+	cap8M	1-558/558	===============	0/0	100.00	99.28	vfdb	NP_644951	(cap8M) capsular polysaccharide synthesis enzyme Cap8M [Capsule (VF0003)] [Staphylococcus aureus subsp. aureus MW2]		2999172154
2999172154.fna	NZ_CP049976.1	2692686	2693573	+	cap8N	1-888/888	===============	0/0	100.00	97.75	vfdb	NP_644952	(cap8N) capsular polysaccharide synthesis enzyme Cap8N [Capsule (VF0003)] [Staphylococcus aureus subsp. aureus MW2]		2999172154
2999172154.fna	NZ_CP049976.1	2693627	2694889	+	cap8O	1-1263/1263	===============	0/0	100.00	98.89	vfdb	NP_644953	(cap8O) capsular polysaccharide synthesis enzyme Cap8O [Capsule (VF0003)] [Staphylococcus aureus subsp. aureus MW2]		2999172154
2999172154.fna	NZ_CP049976.1	2694966	2696111	+	cap8P	1-1146/1146	===============	0/0	100.00	98.78	vfdb	NP_644954	(cap8P) capsular polysaccharide synthesis enzyme Cap8P [Capsule (VF0003)] [Staphylococcus aureus subsp. aureus MW2]		2999172154
2999172154.fna	NZ_CP049976.1	2772485	2774380	+	coa	1-1863/1902	========/======	5/39	97.79	91.94	vfdb	NP_645021	(coa) staphylocoagulase precursor [Staphylocoagulase (VF0421)] [Staphylococcus aureus subsp. aureus MW2]		2999172154
2999172154.fna	NZ_CP049976.1	2838906	2839199	+	esxA	1-294/294	===============	0/0	100.00	99.66	vfdb	NP_645073	(esxA) type VII secretion system protein secreted protein EsxA [Type VII secretion system (VF0403)] [Staphylococcus aureus subsp. aureus MW2]		2999172154
2999172154.fna	NZ_CP049976.1	2839282	2842311	+	esaA	1-3030/3030	===============	0/0	100.00	99.34	vfdb	NP_645074	(esaA) type VII secretion system protein EsaA [Type VII secretion system (VF0403)] [Staphylococcus aureus subsp. aureus MW2]		2999172154
2999172154.fna	NZ_CP049976.1	2842311	2842769	+	essA	1-459/459	===============	0/0	100.00	98.04	vfdb	NP_645075	(essA) type VII secretion system protein EssA monotopic membrane protein [Type VII secretion system (VF0403)] [Staphylococcus aureus subsp. aureus MW2]		2999172154
2999172154.fna	NZ_CP049976.1	2842741	2842983	+	esaB	1-243/243	===============	0/0	100.00	99.59	vfdb	NP_645076	(esaB) type VII secretion system protein EsaB [Type VII secretion system (VF0403)] [Staphylococcus aureus subsp. aureus MW2]		2999172154
2999172154.fna	NZ_CP049976.1	2842996	2844330	+	essB	1-1335/1335	===============	0/0	100.00	98.43	vfdb	NP_645078	(essB) type VII secretion system protein EssB monotopic membrane protein [Type VII secretion system (VF0403)] [Staphylococcus aureus subsp. aureus MW2]		2999172154
NZ_CP077757.1.fna	NZ_CP077757.1	423759	425219	+	ebp	1-1461/1461	===============	0/0	100.00	99.80	vfdb	NP_646186	(ebp) cell surface elastin binding protein [EbpS (VF0008)] [Staphylococcus aureus subsp. aureus MW2]		NZ_CP077757.1
NZ_CP077757.1.fna	NZ_CP077757.1	813673	814632	+	hly/hla	1-960/960	===============	0/0	100.00	99.69	vfdb	NP_645861	(hly/hla) Alpha-Hemolysin precursor [<alpha>-hemolysin (VF0001)] [Staphylococcus aureus subsp. aureus MW2]		NZ_CP077757.1
NZ_CP077757.1.fna	NZ_CP077757.1	843308	843631	-	isdG	1-324/324	===============	0/0	100.00	99.38	vfdb	YP_001332081	(isdG) iron-regulated surface determinant protein G [Isd (VF0015)] [Staphylococcus aureus subsp. aureus str. Newman]		NZ_CP077757.1
NZ_CP077757.1.fna	NZ_CP077757.1	843650	844384	-	srtB	1-735/735	===============	0/0	100.00	99.73	vfdb	NP_645834	(srtB) NPQTN specific sortase B [Isd (VF0015)] [Staphylococcus aureus subsp. aureus MW2]		NZ_CP077757.1
NZ_CP077757.1.fna	NZ_CP077757.1	844446	845411	-	isdF	1-966/966	===============	0/0	100.00	99.90	vfdb	NP_645833	(isdF) iron-regulated surface determinant protein F ATP-binding-cassette-type transmembrane transporter [Isd (VF0015)] [Staphylococcus aureus subsp. aureus MW2]		NZ_CP077757.1
NZ_CP077757.1.fna	NZ_CP077757.1	845424	846302	-	isdE	1-879/879	===============	0/0	100.00	99.43	vfdb	YP_001332078	(isdE) iron-regulated surface determinant protein E [Isd (VF0015)] [Staphylococcus aureus subsp. aureus str. Newman]		NZ_CP077757.1
NZ_CP077757.1.fna	NZ_CP077757.1	846299	847375	-	isdD	1-1077/1077	===============	0/0	100.00	99.81	vfdb	NP_645831	(isdD) iron-regulated surface determinant protein D [Isd (VF0015)] [Staphylococcus aureus subsp. aureus MW2]		NZ_CP077757.1
NZ_CP077757.1.fna	NZ_CP077757.1	847375	848058	-	isdC	1-684/684	===============	0/0	100.00	99.56	vfdb	YP_001332076	(isdC) iron-regulated surface determinant protein C [Isd (VF0015)] [Staphylococcus aureus subsp. aureus str. Newman]		NZ_CP077757.1
NZ_CP077757.1.fna	NZ_CP077757.1	848267	849319	+	isdA	1-1053/1053	===============	0/0	100.00	99.72	vfdb	YP_001332075	(isdA) iron-regulated surface determinant protein A [Isd (VF0015)] [Staphylococcus aureus subsp. aureus str. Newman]		NZ_CP077757.1
NZ_CP077757.1.fna	NZ_CP077757.1	849522	851447	+	isdB	1-1938/1938	========/======	2/12	99.38	98.09	vfdb	YP_001332074	(isdB) iron-regulated surface determinant protein B haemoglobin receptor [Isd (VF0015)] [Staphylococcus aureus subsp. aureus str. Newman]		NZ_CP077757.1
NZ_CP077757.1.fna	NZ_CP077757.1	933321	934331	+	sspA	1-984/984	========/======	1/27	100.00	96.74	vfdb	NP_645749	(sspA) serine protease; V8 protease; glutamyl endopeptidase [V8 protease (VF0023)] [Staphylococcus aureus subsp. aureus MW2]		NZ_CP077757.1
NZ_CP077757.1.fna	NZ_CP077757.1	934413	935594	+	sspB	1-1182/1182	===============	0/0	100.00	100.00	vfdb	NP_645748	(sspB) staphopain cysteine proteinase SspB [Staphopain (VF0006)] [Staphylococcus aureus subsp. aureus MW2]		NZ_CP077757.1
NZ_CP077757.1.fna	NZ_CP077757.1	935632	935961	+	sspC	1-330/330	===============	0/0	100.00	100.00	vfdb	NP_645747	(sspC) Staphostatin B [Staphopain (VF0006)] [Staphylococcus aureus subsp. aureus MW2]		NZ_CP077757.1
NZ_CP077757.1.fna	NZ_CP077757.1	1104394	1105926	-	vWbp	1-1527/1527	========/======	10/18	99.61	82.91	vfdb	YP_001331791	(vWbp) secreted von Willebrand factor-binding protein precursor [vWbp (VF0420)] [Staphylococcus aureus subsp. aureus str. Newman]		NZ_CP077757.1
NZ_CP077757.1.fna	NZ_CP077757.1	1106147	1108948	-	clfA	1-2841/2841	========/======	3/45	98.52	94.02	vfdb	NP_645581	(clfA) Clumping factor A fibrinogen-binding protein [Clumping factor (VF0004)] [Staphylococcus aureus subsp. aureus MW2]		NZ_CP077757.1
NZ_CP077757.1.fna	NZ_CP077757.1	1345303	1348668	-	sdrE	1-3426/3426	========/======	4/60	98.25	94.48	vfdb	NP_645335	(sdrE) Ser-Asp rich fibrinogen-binding bone sialoprotein-binding protein [SDr (VF0019)] [Staphylococcus aureus subsp. aureus MW2]		NZ_CP077757.1
NZ_CP077757.1.fna	NZ_CP077757.1	1349336	1353208	-	sdrD	1-3855/4044	========/======	11/36	95.10	94.75	vfdb	NP_645334	(sdrD) Ser-Asp rich fibrinogen-binding bone sialoprotein-binding protein [SDr (VF0019)] [Staphylococcus aureus subsp. aureus MW2]		NZ_CP077757.1
NZ_CP077757.1.fna	NZ_CP077757.1	1353850	1356544	-	sdrC	1-2689/2868	========/======	4/22	93.48	93.53	vfdb	NP_645333	(sdrC) Ser-Asp rich fibrinogen-binding bone sialoprotein-binding protein [SDr (VF0019)] [Staphylococcus aureus subsp. aureus MW2]		NZ_CP077757.1
NZ_CP077757.1.fna	NZ_CP077757.1	1612666	1614738	-	geh	1-2073/2073	===============	0/0	100.00	99.66	vfdb	NP_645114	(geh) glycerol ester hydrolase [Lipase (VF0012)] [Staphylococcus aureus subsp. aureus MW2]		NZ_CP077757.1
NZ_CP077757.1.fna	NZ_CP077757.1	1643303	1643617	-	esxB	1-315/315	===============	0/0	100.00	97.46	vfdb	NP_645082	(esxB) type VII secretion system protein secreted protein EsxB [Type VII secretion system (VF0403)] [Staphylococcus aureus subsp. aureus MW2]		NZ_CP077757.1
NZ_CP077757.1.fna	NZ_CP077757.1	1643633	1644025	-	esaC	1-393/393	===============	0/0	100.00	97.71	vfdb	NP_645081	(esaC) type VII secretion system protein secreted protein EsxC [Type VII secretion system (VF0403)] [Staphylococcus aureus subsp. aureus MW2]		NZ_CP077757.1
NZ_CP077757.1.fna	NZ_CP077757.1	1644055	1648494	-	essC	1-4440/4440	===============	0/0	100.00	98.51	vfdb	NP_645079	(essC) type VII secretion system protein EssC FtsK/SpoIIIE family ATPase [Type VII secretion system (VF0403)] [Staphylococcus aureus subsp. aureus MW2]		NZ_CP077757.1
NZ_CP077757.1.fna	NZ_CP077757.1	1648516	1649850	-	essB	1-1335/1335	===============	0/0	100.00	98.95	vfdb	NP_645078	(essB) type VII secretion system protein EssB monotopic membrane protein [Type VII secretion system (VF0403)] [Staphylococcus aureus subsp. aureus MW2]		NZ_CP077757.1
NZ_CP077757.1.fna	NZ_CP077757.1	1649863	1650105	-	esaB	1-243/243	===============	0/0	100.00	99.59	vfdb	NP_645076	(esaB) type VII secretion system protein EsaB [Type VII secretion system (VF0403)] [Staphylococcus aureus subsp. aureus MW2]		NZ_CP077757.1
NZ_CP077757.1.fna	NZ_CP077757.1	1650077	1650535	-	essA	1-459/459	===============	0/0	100.00	98.26	vfdb	NP_645075	(essA) type VII secretion system protein EssA monotopic membrane protein [Type VII secretion system (VF0403)] [Staphylococcus aureus subsp. aureus MW2]		NZ_CP077757.1
NZ_CP077757.1.fna	NZ_CP077757.1	1650535	1653564	-	esaA	1-3030/3030	===============	0/0	100.00	98.94	vfdb	NP_645074	(esaA) type VII secretion system protein EsaA [Type VII secretion system (VF0403)] [Staphylococcus aureus subsp. aureus MW2]		NZ_CP077757.1
NZ_CP077757.1.fna	NZ_CP077757.1	1653647	1653940	-	esxA	1-294/294	===============	0/0	100.00	100.00	vfdb	NP_645073	(esxA) type VII secretion system protein secreted protein EsxA [Type VII secretion system (VF0403)] [Staphylococcus aureus subsp. aureus MW2]		NZ_CP077757.1
NZ_CP077757.1.fna	NZ_CP077757.1	1800603	1801748	-	cap8P	1-1146/1146	===============	0/0	100.00	99.65	vfdb	NP_644954	(cap8P) capsular polysaccharide synthesis enzyme Cap8P [Capsule (VF0003)] [Staphylococcus aureus subsp. aureus MW2]		NZ_CP077757.1
NZ_CP077757.1.fna	NZ_CP077757.1	1801825	1803087	-	cap8O	1-1263/1263	===============	0/0	100.00	98.73	vfdb	NP_644953	(cap8O) capsular polysaccharide synthesis enzyme Cap8O [Capsule (VF0003)] [Staphylococcus aureus subsp. aureus MW2]		NZ_CP077757.1
NZ_CP077757.1.fna	NZ_CP077757.1	1803141	1804028	-	cap8N	1-888/888	===============	0/0	100.00	99.78	vfdb	NP_644952	(cap8N) capsular polysaccharide synthesis enzyme Cap8N [Capsule (VF0003)] [Staphylococcus aureus subsp. aureus MW2]		NZ_CP077757.1
NZ_CP077757.1.fna	NZ_CP077757.1	1804069	1804626	-	cap8M	1-558/558	===============	0/0	100.00	99.82	vfdb	NP_644951	(cap8M) capsular polysaccharide synthesis enzyme Cap8M [Capsule (VF0003)] [Staphylococcus aureus subsp. aureus MW2]		NZ_CP077757.1
NZ_CP077757.1.fna	NZ_CP077757.1	1804637	1805842	-	cap8L	1-1206/1206	===============	0/0	100.00	99.58	vfdb	NP_644950	(cap8L) capsular polysaccharide synthesis enzyme Cap8L [Capsule (VF0003)] [Staphylococcus aureus subsp. aureus MW2]		NZ_CP077757.1
NZ_CP077757.1.fna	NZ_CP077757.1	1809964	1811088	-	cap8G	1-1125/1125	===============	0/0	100.00	99.73	vfdb	NP_644945	(cap8G) capsular polysaccharide synthesis enzyme Cap8G [Capsule (VF0003)] [Staphylococcus aureus subsp. aureus MW2]		NZ_CP077757.1
NZ_CP077757.1.fna	NZ_CP077757.1	1811092	1812201	-	cap8F	1-1110/1110	===============	0/0	100.00	99.01	vfdb	NP_644944	(cap8F) capsular polysaccharide synthesis enzyme Cap8F [Capsule (VF0003)] [Staphylococcus aureus subsp. aureus MW2]		NZ_CP077757.1
NZ_CP077757.1.fna	NZ_CP077757.1	1812214	1813242	-	cap8E	1-1029/1029	===============	0/0	100.00	100.00	vfdb	NP_644943	(cap8E) capsular polysaccharide synthesis enzyme Cap8E [Capsule (VF0003)] [Staphylococcus aureus subsp. aureus MW2]		NZ_CP077757.1
NZ_CP077757.1.fna	NZ_CP077757.1	1813232	1815055	-	cap8D	1-1824/1824	===============	0/0	100.00	99.62	vfdb	NP_644942	(cap8D) capsular polysaccharide synthesis enzyme Cap8D [Capsule (VF0003)] [Staphylococcus aureus subsp. aureus MW2]		NZ_CP077757.1
NZ_CP077757.1.fna	NZ_CP077757.1	1815075	1815839	-	cap8C	1-765/765	===============	0/0	100.00	99.61	vfdb	NP_644941	(cap8C) capsular polysaccharide synthesis enzyme Cap8C [Capsule (VF0003)] [Staphylococcus aureus subsp. aureus MW2]		NZ_CP077757.1
NZ_CP077757.1.fna	NZ_CP077757.1	1815842	1816528	-	cap8B	1-687/687	===============	0/0	100.00	99.85	vfdb	NP_644940	(cap8B) capsular polysaccharide synthesis enzyme Cap8B [Capsule (VF0003)] [Staphylococcus aureus subsp. aureus MW2]		NZ_CP077757.1
NZ_CP077757.1.fna	NZ_CP077757.1	1816696	1817212	-	cap8A	1-516/516	========/======	1/1	100.00	99.81	vfdb	NP_644939	(cap8A) capsular polysaccharide synthesis enzyme  [Capsule (VF0003)] [Staphylococcus aureus subsp. aureus MW2]		NZ_CP077757.1
NZ_CP077757.1.fna	NZ_CP077757.1	1969858	1972521	-	clfB	1-2724/2724	========/======	5/66	97.69	95.23	vfdb	NP_647368	(clfB) Clumping factor B adhesin [Clumping factor (VF0004)] [Staphylococcus aureus subsp. aureus MW2]		NZ_CP077757.1
NZ_CP077757.1.fna	NZ_CP077757.1	1979591	1981120	-	aur	1-1530/1530	===============	0/0	100.00	99.61	vfdb	NP_647375	(aur) zinc metalloproteinase aureolysin [Aureolysin (VF0024)] [Staphylococcus aureus subsp. aureus MW2]		NZ_CP077757.1
NZ_CP077757.1.fna	NZ_CP077757.1	2020875	2021435	-	icaR	1-561/561	===============	0/0	100.00	99.47	vfdb	NP_647402	(icaR) ica operon transcriptional regulator IcaR [Intercellular adhesion proteins (VF0014)] [Staphylococcus aureus subsp. aureus MW2]		NZ_CP077757.1
NZ_CP077757.1.fna	NZ_CP077757.1	2021599	2022837	+	icaA	1-1239/1239	===============	0/0	100.00	99.60	vfdb	NP_647403	(icaA) N-acetylglucosaminyltransferase involved in polysaccharide intercellular adhesin(PIA) synthesis [Intercellular adhesion proteins (VF0014)] [Staphylococcus aureus subsp. aureus MW2]		NZ_CP077757.1
NZ_CP077757.1.fna	NZ_CP077757.1	2022801	2023106	+	icaD	1-306/306	===============	0/0	100.00	99.67	vfdb	NP_647404	(icaD) intercellular adhesion protein D involved in polysaccharide intercellular adhesin(PIA) synthesis [Intercellular adhesion proteins (VF0014)] [Staphylococcus aureus subsp. aureus MW2]		NZ_CP077757.1
NZ_CP077757.1.fna	NZ_CP077757.1	2023103	2023975	+	icaB	1-873/873	===============	0/0	100.00	99.77	vfdb	NP_647405	(icaB) N-deacetylase involved in polysaccharide intercellular adhesin(PIA) synthesis [Intercellular adhesion proteins (VF0014)] [Staphylococcus aureus subsp. aureus MW2]		NZ_CP077757.1
NZ_CP077757.1.fna	NZ_CP077757.1	2023962	2025014	+	icaC	1-1053/1053	===============	0/0	100.00	99.14	vfdb	NP_647406	(icaC) intercellular adhesion protein C involved in polysaccharide intercellular adhesin(PIA) synthesis [Intercellular adhesion proteins (VF0014)] [Staphylococcus aureus subsp. aureus MW2]		NZ_CP077757.1
NZ_CP077757.1.fna	NZ_CP077757.1	2025265	2027310	-	lip	1-2046/2046	===============	0/0	100.00	99.95	vfdb	NP_647407	(lip) triacylglycerol lipase precursor [Lipase (CVF091)] [Staphylococcus aureus subsp. aureus MW2]		NZ_CP077757.1
NZ_CP077757.1.fna	NZ_CP077757.1	2096679	2098997	+	adsA	1-2319/2319	===============	0/0	100.00	97.20	vfdb	NP_644838	(adsA) Adenosine synthase A [AdsA (VF0422)] [Staphylococcus aureus subsp. aureus MW2]		NZ_CP077757.1
NZ_CP077757.1.fna	NZ_CP077757.1	2223399	2226225	+	fnbA	1-2815/3048	========/=====.	6/20	92.22	87.60	vfdb	NP_647238	(fnbA) fibronectin-binding protein A [FnBPs (VF0010)] [Staphylococcus aureus subsp. aureus MW2]		NZ_CP077757.1
NZ_CP077757.1.fna	NZ_CP077757.1	2227223	2230009	+	fnbB	1-2832/2832	========/======	20/95	97.53	86.49	vfdb	NP_647237	(fnbB) fibronectin-binding protein B [FnBPs (VF0010)] [Staphylococcus aureus subsp. aureus MW2]		NZ_CP077757.1
NZ_CP077757.1.fna	NZ_CP077757.1	2303638	2304615	-	hlgB	1-978/978	===============	0/0	100.00	99.80	vfdb	NP_647161	(hlgB) gamma-hemolysin component B [<gamma>-hemolysin (VF0011)] [Staphylococcus aureus subsp. aureus MW2]		NZ_CP077757.1
NZ_CP077757.1.fna	NZ_CP077757.1	2304617	2305564	-	hlgC	1-948/948	===============	0/0	100.00	99.37	vfdb	NP_647160	(hlgC) gamma-hemolysin component C [<gamma>-hemolysin (VF0011)] [Staphylococcus aureus subsp. aureus MW2]		NZ_CP077757.1
NZ_CP077757.1.fna	NZ_CP077757.1	2306132	2307061	-	hlgA	1-930/930	===============	0/0	100.00	99.57	vfdb	NP_647159	(hlgA) gamma-hemolysin chain II precursor [<gamma>-hemolysin (VF0011)] [Staphylococcus aureus subsp. aureus MW2]		NZ_CP077757.1
NZ_CP077757.1.fna	NZ_CP077757.1	2307597	2308910	-	sbi	1-1314/1314	========/======	2/2	99.92	94.91	vfdb	NP_647158	(sbi) IgG-binding protein SBI [Sbi (VF0423)] [Staphylococcus aureus subsp. aureus MW2]		NZ_CP077757.1
NZ_CP077757.1.fna	NZ_CP077757.1	2505298	2507748	-	hysA	1-2448/2448	========/======	2/9	99.88	91.56	vfdb	NP_646946	(hysA) hyaluronate lyase precursor [Hyaluronate lyase (VF0013)] [Staphylococcus aureus subsp. aureus MW2]		NZ_CP077757.1
NZ_CP077757.1.fna	NZ_CP077757.1	2695288	2695422	+	hld	1-135/135	===============	0/0	100.00	99.26	vfdb	NP_646776	(hld) delta-hemolysin [<delta>-hemolysin (VF0007)] [Staphylococcus aureus subsp. aureus MW2]		NZ_CP077757.1
NZ_CP077757.1.fna	NZ_CP077757.1	2714684	2715676	-	hlb	1-993/993	===============	0/0	100.00	99.30	vfdb	YP_186826	(hlb) beta-hemolysin [<beta>-hemolysin (VF0002)] [Staphylococcus aureus subsp. aureus COL]		NZ_CP077757.1
NZ_CP077757.1.fna	NZ_CP077757.1	2716065	2717813	+	map	1-1755/1755	========/======	1/6	99.66	94.93	vfdb	CAB94853	(map) extracellular proteins Map [Eap/Map (VF0016)] [Staphylococcus aureus str. Newman D2C (ATCC 25904)]		NZ_CP077757.1
2212168481.fna	NZ_CP092565.1	30490	32808	+	adsA	1-2319/2319	===============	0/0	100.00	96.46	vfdb	NP_644838	(adsA) Adenosine synthase A [AdsA (VF0422)] [Staphylococcus aureus subsp. aureus MW2]		2212168481
2212168481.fna	NZ_CP092565.1	95450	96976	-	spa	1-1479/1479	========/======	1/48	100.00	95.35	vfdb	NP_644899	(spa) Immunoglobulin G binding protein A precursor [SpA (VF0017)] [Staphylococcus aureus subsp. aureus MW2]		2212168481
2212168481.fna	NZ_CP092565.1	140384	140900	+	cap8A	1-516/516	========/======	1/1	100.00	99.81	vfdb	NP_644939	(cap8A) capsular polysaccharide synthesis enzyme  [Capsule (VF0003)] [Staphylococcus aureus subsp. aureus MW2]		2212168481
2212168481.fna	NZ_CP092565.1	141068	141754	+	cap8B	1-687/687	===============	0/0	100.00	98.98	vfdb	NP_644940	(cap8B) capsular polysaccharide synthesis enzyme Cap8B [Capsule (VF0003)] [Staphylococcus aureus subsp. aureus MW2]		2212168481
2212168481.fna	NZ_CP092565.1	141757	142521	+	cap8C	1-765/765	===============	0/0	100.00	99.74	vfdb	NP_644941	(cap8C) capsular polysaccharide synthesis enzyme Cap8C [Capsule (VF0003)] [Staphylococcus aureus subsp. aureus MW2]		2212168481
2212168481.fna	NZ_CP092565.1	142541	144364	+	cap8D	1-1824/1824	===============	0/0	100.00	99.73	vfdb	NP_644942	(cap8D) capsular polysaccharide synthesis enzyme Cap8D [Capsule (VF0003)] [Staphylococcus aureus subsp. aureus MW2]		2212168481
2212168481.fna	NZ_CP092565.1	144354	145382	+	cap8E	1-1029/1029	===============	0/0	100.00	99.22	vfdb	NP_644943	(cap8E) capsular polysaccharide synthesis enzyme Cap8E [Capsule (VF0003)] [Staphylococcus aureus subsp. aureus MW2]		2212168481
2212168481.fna	NZ_CP092565.1	145395	146504	+	cap8F	1-1110/1110	===============	0/0	100.00	99.46	vfdb	NP_644944	(cap8F) capsular polysaccharide synthesis enzyme Cap8F [Capsule (VF0003)] [Staphylococcus aureus subsp. aureus MW2]		2212168481
2212168481.fna	NZ_CP092565.1	146508	147632	+	cap8G	1-1125/1125	===============	0/0	100.00	99.56	vfdb	NP_644945	(cap8G) capsular polysaccharide synthesis enzyme Cap8G [Capsule (VF0003)] [Staphylococcus aureus subsp. aureus MW2]		2212168481
2212168481.fna	NZ_CP092565.1	151754	152959	+	cap8L	1-1206/1206	===============	0/0	100.00	99.50	vfdb	NP_644950	(cap8L) capsular polysaccharide synthesis enzyme Cap8L [Capsule (VF0003)] [Staphylococcus aureus subsp. aureus MW2]		2212168481
2212168481.fna	NZ_CP092565.1	152970	153527	+	cap8M	1-558/558	===============	0/0	100.00	99.64	vfdb	NP_644951	(cap8M) capsular polysaccharide synthesis enzyme Cap8M [Capsule (VF0003)] [Staphylococcus aureus subsp. aureus MW2]		2212168481
2212168481.fna	NZ_CP092565.1	153527	154414	+	cap8N	1-888/888	===============	0/0	100.00	99.44	vfdb	NP_644952	(cap8N) capsular polysaccharide synthesis enzyme Cap8N [Capsule (VF0003)] [Staphylococcus aureus subsp. aureus MW2]		2212168481
2212168481.fna	NZ_CP092565.1	154468	155730	+	cap8O	1-1263/1263	===============	0/0	100.00	99.05	vfdb	NP_644953	(cap8O) capsular polysaccharide synthesis enzyme Cap8O [Capsule (VF0003)] [Staphylococcus aureus subsp. aureus MW2]		2212168481
2212168481.fna	NZ_CP092565.1	155807	156952	+	cap8P	1-1146/1146	===============	0/0	100.00	99.56	vfdb	NP_644954	(cap8P) capsular polysaccharide synthesis enzyme Cap8P [Capsule (VF0003)] [Staphylococcus aureus subsp. aureus MW2]		2212168481
2212168481.fna	NZ_CP092565.1	299972	300265	+	esxA	1-294/294	===============	0/0	100.00	100.00	vfdb	NP_645073	(esxA) type VII secretion system protein secreted protein EsxA [Type VII secretion system (VF0403)] [Staphylococcus aureus subsp. aureus MW2]		2212168481
2212168481.fna	NZ_CP092565.1	300348	303377	+	esaA	1-3030/3030	===============	0/0	100.00	98.91	vfdb	NP_645074	(esaA) type VII secretion system protein EsaA [Type VII secretion system (VF0403)] [Staphylococcus aureus subsp. aureus MW2]		2212168481
2212168481.fna	NZ_CP092565.1	303377	303835	+	essA	1-459/459	===============	0/0	100.00	98.26	vfdb	NP_645075	(essA) type VII secretion system protein EssA monotopic membrane protein [Type VII secretion system (VF0403)] [Staphylococcus aureus subsp. aureus MW2]		2212168481
2212168481.fna	NZ_CP092565.1	303807	304049	+	esaB	1-243/243	===============	0/0	100.00	99.59	vfdb	NP_645076	(esaB) type VII secretion system protein EsaB [Type VII secretion system (VF0403)] [Staphylococcus aureus subsp. aureus MW2]		2212168481
2212168481.fna	NZ_CP092565.1	304062	305396	+	essB	1-1335/1335	===============	0/0	100.00	99.03	vfdb	NP_645078	(essB) type VII secretion system protein EssB monotopic membrane protein [Type VII secretion system (VF0403)] [Staphylococcus aureus subsp. aureus MW2]		2212168481
2212168481.fna	NZ_CP092565.1	305418	309857	+	essC	1-4440/4440	===============	0/0	100.00	98.51	vfdb	NP_645079	(essC) type VII secretion system protein EssC FtsK/SpoIIIE family ATPase [Type VII secretion system (VF0403)] [Staphylococcus aureus subsp. aureus MW2]		2212168481
2212168481.fna	NZ_CP092565.1	309887	310279	+	esaC	1-393/393	===============	0/0	100.00	97.71	vfdb	NP_645081	(esaC) type VII secretion system protein secreted protein EsxC [Type VII secretion system (VF0403)] [Staphylococcus aureus subsp. aureus MW2]		2212168481
2212168481.fna	NZ_CP092565.1	310295	310609	+	esxB	1-315/315	===============	0/0	100.00	97.46	vfdb	NP_645082	(esxB) type VII secretion system protein secreted protein EsxB [Type VII secretion system (VF0403)] [Staphylococcus aureus subsp. aureus MW2]		2212168481
2212168481.fna	NZ_CP092565.1	338357	340432	+	geh	1-2073/2073	========/======	1/3	100.00	99.13	vfdb	NP_645114	(geh) glycerol ester hydrolase [Lipase (VF0012)] [Staphylococcus aureus subsp. aureus MW2]		2212168481
2212168481.fna	NZ_CP092565.1	582904	585753	+	sdrC	1-2868/2868	========/======	5/22	99.30	93.83	vfdb	NP_645333	(sdrC) Ser-Asp rich fibrinogen-binding bone sialoprotein-binding protein [SDr (VF0019)] [Staphylococcus aureus subsp. aureus MW2]		2212168481
2212168481.fna	NZ_CP092565.1	586120	589968	+	sdrD	1-3855/4044	========/======	5/14	95.08	93.13	vfdb	NP_645334	(sdrD) Ser-Asp rich fibrinogen-binding bone sialoprotein-binding protein [SDr (VF0019)] [Staphylococcus aureus subsp. aureus MW2]		2212168481
2212168481.fna	NZ_CP092565.1	590635	594096	+	sdrE	1-3426/3426	========/======	3/72	99.47	95.03	vfdb	NP_645335	(sdrE) Ser-Asp rich fibrinogen-binding bone sialoprotein-binding protein [SDr (VF0019)] [Staphylococcus aureus subsp. aureus MW2]		2212168481
2212168481.fna	NZ_CP092565.1	841599	844460	+	clfA	1-2841/2841	========/======	6/37	99.72	89.93	vfdb	NP_645581	(clfA) Clumping factor A fibrinogen-binding protein [Clumping factor (VF0004)] [Staphylococcus aureus subsp. aureus MW2]		2212168481
2212168481.fna	NZ_CP092565.1	1009598	1009927	-	sspC	1-330/330	===============	0/0	100.00	99.70	vfdb	NP_645747	(sspC) Staphostatin B [Staphopain (VF0006)] [Staphylococcus aureus subsp. aureus MW2]		2212168481
2212168481.fna	NZ_CP092565.1	1009965	1011146	-	sspB	1-1182/1182	===============	0/0	100.00	99.83	vfdb	NP_645748	(sspB) staphopain cysteine proteinase SspB [Staphopain (VF0006)] [Staphylococcus aureus subsp. aureus MW2]		2212168481
2212168481.fna	NZ_CP092565.1	1011228	1012256	-	sspA	1-984/984	========/======	1/45	100.00	94.85	vfdb	NP_645749	(sspA) serine protease; V8 protease; glutamyl endopeptidase [V8 protease (VF0023)] [Staphylococcus aureus subsp. aureus MW2]		2212168481
2212168481.fna	NZ_CP092565.1	1094174	1096102	-	isdB	1-1938/1938	========/======	1/9	99.54	98.45	vfdb	YP_001332074	(isdB) iron-regulated surface determinant protein B haemoglobin receptor [Isd (VF0015)] [Staphylococcus aureus subsp. aureus str. Newman]		2212168481
2212168481.fna	NZ_CP092565.1	1096305	1097357	-	isdA	1-1053/1053	===============	0/0	100.00	99.91	vfdb	YP_001332075	(isdA) iron-regulated surface determinant protein A [Isd (VF0015)] [Staphylococcus aureus subsp. aureus str. Newman]		2212168481
2212168481.fna	NZ_CP092565.1	1097566	1098249	+	isdC	1-684/684	===============	0/0	100.00	100.00	vfdb	YP_001332076	(isdC) iron-regulated surface determinant protein C [Isd (VF0015)] [Staphylococcus aureus subsp. aureus str. Newman]		2212168481
2212168481.fna	NZ_CP092565.1	1098249	1099325	+	isdD	1-1077/1077	===============	0/0	100.00	99.72	vfdb	NP_645831	(isdD) iron-regulated surface determinant protein D [Isd (VF0015)] [Staphylococcus aureus subsp. aureus MW2]		2212168481
2212168481.fna	NZ_CP092565.1	1099322	1100200	+	isdE	1-879/879	===============	0/0	100.00	100.00	vfdb	YP_001332078	(isdE) iron-regulated surface determinant protein E [Isd (VF0015)] [Staphylococcus aureus subsp. aureus str. Newman]		2212168481
2212168481.fna	NZ_CP092565.1	1100213	1101178	+	isdF	1-966/966	===============	0/0	100.00	99.69	vfdb	NP_645833	(isdF) iron-regulated surface determinant protein F ATP-binding-cassette-type transmembrane transporter [Isd (VF0015)] [Staphylococcus aureus subsp. aureus MW2]		2212168481
2212168481.fna	NZ_CP092565.1	1101240	1101974	+	srtB	1-735/735	===============	0/0	100.00	99.59	vfdb	NP_645834	(srtB) NPQTN specific sortase B [Isd (VF0015)] [Staphylococcus aureus subsp. aureus MW2]		2212168481
2212168481.fna	NZ_CP092565.1	1101993	1102316	+	isdG	1-324/324	===============	0/0	100.00	99.69	vfdb	YP_001332081	(isdG) iron-regulated surface determinant protein G [Isd (VF0015)] [Staphylococcus aureus subsp. aureus str. Newman]		2212168481
2212168481.fna	NZ_CP092565.1	1129955	1130914	-	hly/hla	1-960/960	===============	0/0	100.00	99.79	vfdb	NP_645861	(hly/hla) Alpha-Hemolysin precursor [<alpha>-hemolysin (VF0001)] [Staphylococcus aureus subsp. aureus MW2]		2212168481
2212168481.fna	NZ_CP092565.1	1508386	1509846	-	ebp	1-1461/1461	===============	0/0	100.00	99.80	vfdb	NP_646186	(ebp) cell surface elastin binding protein [EbpS (VF0008)] [Staphylococcus aureus subsp. aureus MW2]		2212168481
2212168481.fna	NZ_CP092565.1	1850618	1851586	-	lukF-PV	1-969/978	========/======	2/2	98.98	82.37	vfdb	NP_646195	(lukF-PV) Panton-Valentine leukocidin chain F precursor [PVL (VF0018)] [Staphylococcus aureus subsp. aureus MW2]		2212168481
2212168481.fna	NZ_CP092565.1	2028165	2029586	-	map	1-1428/1755	========/====..	5/10	80.91	89.37	vfdb	CAB94853	(map) extracellular proteins Map [Eap/Map (VF0016)] [Staphylococcus aureus str. Newman D2C (ATCC 25904)]		2212168481
2212168481.fna	NZ_CP092565.1	2029975	2030967	+	hlb	1-993/993	===============	0/0	100.00	99.19	vfdb	YP_186826	(hlb) beta-hemolysin [<beta>-hemolysin (VF0002)] [Staphylococcus aureus subsp. aureus COL]		2212168481
2212168481.fna	NZ_CP092565.1	2060481	2060615	-	hld	1-135/135	===============	0/0	100.00	99.26	vfdb	NP_646776	(hld) delta-hemolysin [<delta>-hemolysin (VF0007)] [Staphylococcus aureus subsp. aureus MW2]		2212168481
2212168481.fna	NZ_CP092565.1	2249720	2252140	+	hysA	1-2418/2448	========/======	3/5	98.73	94.67	vfdb	NP_646946	(hysA) hyaluronate lyase precursor [Hyaluronate lyase (VF0013)] [Staphylococcus aureus subsp. aureus MW2]		2212168481
2212168481.fna	NZ_CP092565.1	2452516	2453826	+	sbi	1-1314/1314	========/======	1/3	99.77	98.17	vfdb	NP_647158	(sbi) IgG-binding protein SBI [Sbi (VF0423)] [Staphylococcus aureus subsp. aureus MW2]		2212168481
2212168481.fna	NZ_CP092565.1	2454362	2455291	+	hlgA	1-930/930	===============	0/0	100.00	99.68	vfdb	NP_647159	(hlgA) gamma-hemolysin chain II precursor [<gamma>-hemolysin (VF0011)] [Staphylococcus aureus subsp. aureus MW2]		2212168481
2212168481.fna	NZ_CP092565.1	2455858	2456805	+	hlgC	1-948/948	===============	0/0	100.00	99.47	vfdb	NP_647160	(hlgC) gamma-hemolysin component C [<gamma>-hemolysin (VF0011)] [Staphylococcus aureus subsp. aureus MW2]		2212168481
2212168481.fna	NZ_CP092565.1	2456807	2457784	+	hlgB	1-978/978	===============	0/0	100.00	99.80	vfdb	NP_647161	(hlgB) gamma-hemolysin component B [<gamma>-hemolysin (VF0011)] [Staphylococcus aureus subsp. aureus MW2]		2212168481
2212168481.fna	NZ_CP092565.1	2543239	2546124	-	fnbB	1-2832/2832	========/======	24/98	99.22	85.87	vfdb	NP_647237	(fnbB) fibronectin-binding protein B [FnBPs (VF0010)] [Staphylococcus aureus subsp. aureus MW2]		2212168481
2212168481.fna	NZ_CP092565.1	2547122	2549921	-	fnbA	1-2815/3048	========/=====.	4/23	91.73	95.96	vfdb	NP_647238	(fnbA) fibronectin-binding protein A [FnBPs (VF0010)] [Staphylococcus aureus subsp. aureus MW2]		2212168481
2212168481.fna	NZ_CP092565.1	2722806	2725439	-	clfB	1-2724/2724	========/======	7/96	96.59	90.87	vfdb	NP_647368	(clfB) Clumping factor B adhesin [Clumping factor (VF0004)] [Staphylococcus aureus subsp. aureus MW2]		2212168481
2212168481.fna	NZ_CP092565.1	2732512	2734041	-	aur	1-1530/1530	===============	0/0	100.00	99.67	vfdb	NP_647375	(aur) zinc metalloproteinase aureolysin [Aureolysin (VF0024)] [Staphylococcus aureus subsp. aureus MW2]		2212168481
2212168481.fna	NZ_CP092565.1	2774188	2774748	-	icaR	1-561/561	===============	0/0	100.00	99.82	vfdb	NP_647402	(icaR) ica operon transcriptional regulator IcaR [Intercellular adhesion proteins (VF0014)] [Staphylococcus aureus subsp. aureus MW2]		2212168481
2212168481.fna	NZ_CP092565.1	2774912	2776150	+	icaA	1-1239/1239	===============	0/0	100.00	99.84	vfdb	NP_647403	(icaA) N-acetylglucosaminyltransferase involved in polysaccharide intercellular adhesin(PIA) synthesis [Intercellular adhesion proteins (VF0014)] [Staphylococcus aureus subsp. aureus MW2]		2212168481
2212168481.fna	NZ_CP092565.1	2776114	2776419	+	icaD	1-306/306	===============	0/0	100.00	99.67	vfdb	NP_647404	(icaD) intercellular adhesion protein D involved in polysaccharide intercellular adhesin(PIA) synthesis [Intercellular adhesion proteins (VF0014)] [Staphylococcus aureus subsp. aureus MW2]		2212168481
2212168481.fna	NZ_CP092565.1	2776416	2777288	+	icaB	1-873/873	===============	0/0	100.00	99.89	vfdb	NP_647405	(icaB) N-deacetylase involved in polysaccharide intercellular adhesin(PIA) synthesis [Intercellular adhesion proteins (VF0014)] [Staphylococcus aureus subsp. aureus MW2]		2212168481
2212168481.fna	NZ_CP092565.1	2777275	2778327	+	icaC	1-1053/1053	===============	0/0	100.00	99.33	vfdb	NP_647406	(icaC) intercellular adhesion protein C involved in polysaccharide intercellular adhesin(PIA) synthesis [Intercellular adhesion proteins (VF0014)] [Staphylococcus aureus subsp. aureus MW2]		2212168481
2212168481.fna	NZ_CP092565.1	2778662	2780707	-	lip	1-2046/2046	===============	0/0	100.00	98.97	vfdb	NP_647407	(lip) triacylglycerol lipase precursor [Lipase (CVF091)] [Staphylococcus aureus subsp. aureus MW2]		2212168481
1575502651.fna	NZ_CP035671.1	82163	83101	+	lukS-PV	1-939/939	===============	0/0	100.00	99.79	vfdb	NP_646196	(lukS-PV) Panton-Valentine leukocidin chain S precursor [PVL (VF0018)] [Staphylococcus aureus subsp. aureus MW2]		1575502651
1575502651.fna	NZ_CP035671.1	83103	84080	+	lukF-PV	1-978/978	===============	0/0	100.00	99.90	vfdb	NP_646195	(lukF-PV) Panton-Valentine leukocidin chain F precursor [PVL (VF0018)] [Staphylococcus aureus subsp. aureus MW2]		1575502651
1575502651.fna	NZ_CP035671.1	491068	492027	+	hly/hla	1-960/960	===============	0/0	100.00	95.31	vfdb	NP_645861	(hly/hla) Alpha-Hemolysin precursor [<alpha>-hemolysin (VF0001)] [Staphylococcus aureus subsp. aureus MW2]		1575502651
1575502651.fna	NZ_CP035671.1	519917	520240	-	isdG	1-324/324	===============	0/0	100.00	99.07	vfdb	YP_001332081	(isdG) iron-regulated surface determinant protein G [Isd (VF0015)] [Staphylococcus aureus subsp. aureus str. Newman]		1575502651
1575502651.fna	NZ_CP035671.1	520259	520993	-	srtB	1-735/735	===============	0/0	100.00	99.18	vfdb	NP_645834	(srtB) NPQTN specific sortase B [Isd (VF0015)] [Staphylococcus aureus subsp. aureus MW2]		1575502651
1575502651.fna	NZ_CP035671.1	521055	522020	-	isdF	1-966/966	===============	0/0	100.00	98.97	vfdb	NP_645833	(isdF) iron-regulated surface determinant protein F ATP-binding-cassette-type transmembrane transporter [Isd (VF0015)] [Staphylococcus aureus subsp. aureus MW2]		1575502651
1575502651.fna	NZ_CP035671.1	522033	522911	-	isdE	1-879/879	===============	0/0	100.00	99.43	vfdb	YP_001332078	(isdE) iron-regulated surface determinant protein E [Isd (VF0015)] [Staphylococcus aureus subsp. aureus str. Newman]		1575502651
1575502651.fna	NZ_CP035671.1	522908	523984	-	isdD	1-1077/1077	===============	0/0	100.00	98.98	vfdb	NP_645831	(isdD) iron-regulated surface determinant protein D [Isd (VF0015)] [Staphylococcus aureus subsp. aureus MW2]		1575502651
1575502651.fna	NZ_CP035671.1	523984	524667	-	isdC	1-684/684	===============	0/0	100.00	99.71	vfdb	YP_001332076	(isdC) iron-regulated surface determinant protein C [Isd (VF0015)] [Staphylococcus aureus subsp. aureus str. Newman]		1575502651
1575502651.fna	NZ_CP035671.1	524876	525928	+	isdA	1-1053/1053	===============	0/0	100.00	98.86	vfdb	YP_001332075	(isdA) iron-regulated surface determinant protein A [Isd (VF0015)] [Staphylococcus aureus subsp. aureus str. Newman]		1575502651
1575502651.fna	NZ_CP035671.1	526131	528065	+	isdB	1-1938/1938	========/======	1/3	99.85	98.71	vfdb	YP_001332074	(isdB) iron-regulated surface determinant protein B haemoglobin receptor [Isd (VF0015)] [Staphylococcus aureus subsp. aureus str. Newman]		1575502651
1575502651.fna	NZ_CP035671.1	611706	612671	+	sspA	1-984/984	========/======	1/18	98.17	95.53	vfdb	NP_645749	(sspA) serine protease; V8 protease; glutamyl endopeptidase [V8 protease (VF0023)] [Staphylococcus aureus subsp. aureus MW2]		1575502651
1575502651.fna	NZ_CP035671.1	612753	613934	+	sspB	1-1182/1182	===============	0/0	100.00	99.24	vfdb	NP_645748	(sspB) staphopain cysteine proteinase SspB [Staphopain (VF0006)] [Staphylococcus aureus subsp. aureus MW2]		1575502651
1575502651.fna	NZ_CP035671.1	613972	614301	+	sspC	1-330/330	===============	0/0	100.00	99.70	vfdb	NP_645747	(sspC) Staphostatin B [Staphopain (VF0006)] [Staphylococcus aureus subsp. aureus MW2]		1575502651
1575502651.fna	NZ_CP035671.1	775949	778780	-	clfA	1-2841/2841	========/======	6/31	99.30	90.11	vfdb	NP_645581	(clfA) Clumping factor A fibrinogen-binding protein [Clumping factor (VF0004)] [Staphylococcus aureus subsp. aureus MW2]		1575502651
1575502651.fna	NZ_CP035671.1	1009110	1012571	-	sdrE	1-3426/3426	========/======	4/72	99.47	96.98	vfdb	NP_645335	(sdrE) Ser-Asp rich fibrinogen-binding bone sialoprotein-binding protein [SDr (VF0019)] [Staphylococcus aureus subsp. aureus MW2]		1575502651
1575502651.fna	NZ_CP035671.1	1012964	1017055	-	sdrD	1-4044/4044	========/======	12/66	99.78	93.27	vfdb	NP_645334	(sdrD) Ser-Asp rich fibrinogen-binding bone sialoprotein-binding protein [SDr (VF0019)] [Staphylococcus aureus subsp. aureus MW2]		1575502651
1575502651.fna	NZ_CP035671.1	1017422	1020217	-	sdrC	1-2868/2868	========/======	9/76	97.42	93.45	vfdb	NP_645333	(sdrC) Ser-Asp rich fibrinogen-binding bone sialoprotein-binding protein [SDr (VF0019)] [Staphylococcus aureus subsp. aureus MW2]		1575502651
1575502651.fna	NZ_CP035671.1	1258236	1260311	-	geh	1-2073/2073	========/======	1/3	100.00	97.93	vfdb	NP_645114	(geh) glycerol ester hydrolase [Lipase (VF0012)] [Staphylococcus aureus subsp. aureus MW2]		1575502651
1575502651.fna	NZ_CP035671.1	1292998	1294332	-	essB	1-1335/1335	===============	0/0	100.00	95.43	vfdb	NP_645078	(essB) type VII secretion system protein EssB monotopic membrane protein [Type VII secretion system (VF0403)] [Staphylococcus aureus subsp. aureus MW2]		1575502651
1575502651.fna	NZ_CP035671.1	1294345	1294587	-	esaB	1-243/243	===============	0/0	100.00	93.42	vfdb	NP_645076	(esaB) type VII secretion system protein EsaB [Type VII secretion system (VF0403)] [Staphylococcus aureus subsp. aureus MW2]		1575502651
1575502651.fna	NZ_CP035671.1	1294559	1295017	-	essA	1-459/459	===============	0/0	100.00	99.78	vfdb	NP_645075	(essA) type VII secretion system protein EssA monotopic membrane protein [Type VII secretion system (VF0403)] [Staphylococcus aureus subsp. aureus MW2]		1575502651
1575502651.fna	NZ_CP035671.1	1295017	1298046	-	esaA	1-3030/3030	===============	0/0	100.00	98.81	vfdb	NP_645074	(esaA) type VII secretion system protein EsaA [Type VII secretion system (VF0403)] [Staphylococcus aureus subsp. aureus MW2]		1575502651
1575502651.fna	NZ_CP035671.1	1298129	1298422	-	esxA	1-294/294	===============	0/0	100.00	99.32	vfdb	NP_645073	(esxA) type VII secretion system protein secreted protein EsxA [Type VII secretion system (VF0403)] [Staphylococcus aureus subsp. aureus MW2]		1575502651
1575502651.fna	NZ_CP035671.1	1362483	1364338	-	coa	1-1868/1902	========/======	16/52	96.53	81.78	vfdb	NP_645021	(coa) staphylocoagulase precursor [Staphylocoagulase (VF0421)] [Staphylococcus aureus subsp. aureus MW2]		1575502651
1575502651.fna	NZ_CP035671.1	1440581	1441726	-	cap8P	1-1146/1146	===============	0/0	100.00	98.95	vfdb	NP_644954	(cap8P) capsular polysaccharide synthesis enzyme Cap8P [Capsule (VF0003)] [Staphylococcus aureus subsp. aureus MW2]		1575502651
1575502651.fna	NZ_CP035671.1	1441803	1443065	-	cap8O	1-1263/1263	===============	0/0	100.00	98.73	vfdb	NP_644953	(cap8O) capsular polysaccharide synthesis enzyme Cap8O [Capsule (VF0003)] [Staphylococcus aureus subsp. aureus MW2]		1575502651
1575502651.fna	NZ_CP035671.1	1443119	1444006	-	cap8N	1-888/888	===============	0/0	100.00	98.76	vfdb	NP_644952	(cap8N) capsular polysaccharide synthesis enzyme Cap8N [Capsule (VF0003)] [Staphylococcus aureus subsp. aureus MW2]		1575502651
1575502651.fna	NZ_CP035671.1	1444006	1444563	-	cap8M	1-558/558	===============	0/0	100.00	99.64	vfdb	NP_644951	(cap8M) capsular polysaccharide synthesis enzyme Cap8M [Capsule (VF0003)] [Staphylococcus aureus subsp. aureus MW2]		1575502651
1575502651.fna	NZ_CP035671.1	1444574	1445779	-	cap8L	1-1206/1206	===============	0/0	100.00	99.67	vfdb	NP_644950	(cap8L) capsular polysaccharide synthesis enzyme Cap8L [Capsule (VF0003)] [Staphylococcus aureus subsp. aureus MW2]		1575502651
1575502651.fna	NZ_CP035671.1	1449901	1451025	-	cap8G	1-1125/1125	===============	0/0	100.00	99.38	vfdb	NP_644945	(cap8G) capsular polysaccharide synthesis enzyme Cap8G [Capsule (VF0003)] [Staphylococcus aureus subsp. aureus MW2]		1575502651
1575502651.fna	NZ_CP035671.1	1451029	1452138	-	cap8F	1-1110/1110	===============	0/0	100.00	98.56	vfdb	NP_644944	(cap8F) capsular polysaccharide synthesis enzyme Cap8F [Capsule (VF0003)] [Staphylococcus aureus subsp. aureus MW2]		1575502651
1575502651.fna	NZ_CP035671.1	1452151	1453179	-	cap8E	1-1029/1029	===============	0/0	100.00	99.03	vfdb	NP_644943	(cap8E) capsular polysaccharide synthesis enzyme Cap8E [Capsule (VF0003)] [Staphylococcus aureus subsp. aureus MW2]		1575502651
1575502651.fna	NZ_CP035671.1	1453169	1454992	-	cap8D	1-1824/1824	===============	0/0	100.00	99.29	vfdb	NP_644942	(cap8D) capsular polysaccharide synthesis enzyme Cap8D [Capsule (VF0003)] [Staphylococcus aureus subsp. aureus MW2]		1575502651
1575502651.fna	NZ_CP035671.1	1455012	1455776	-	cap8C	1-765/765	===============	0/0	100.00	99.35	vfdb	NP_644941	(cap8C) capsular polysaccharide synthesis enzyme Cap8C [Capsule (VF0003)] [Staphylococcus aureus subsp. aureus MW2]		1575502651
1575502651.fna	NZ_CP035671.1	1455779	1456465	-	cap8B	1-687/687	===============	0/0	100.00	92.87	vfdb	NP_644940	(cap8B) capsular polysaccharide synthesis enzyme Cap8B [Capsule (VF0003)] [Staphylococcus aureus subsp. aureus MW2]		1575502651
1575502651.fna	NZ_CP035671.1	1456633	1457149	-	cap8A	1-516/516	========/======	1/1	100.00	97.29	vfdb	NP_644939	(cap8A) capsular polysaccharide synthesis enzyme  [Capsule (VF0003)] [Staphylococcus aureus subsp. aureus MW2]		1575502651
1575502651.fna	NZ_CP035671.1	1499683	1501185	+	spa	1-1479/1479	========/======	2/24	100.00	96.74	vfdb	NP_644899	(spa) Immunoglobulin G binding protein A precursor [SpA (VF0017)] [Staphylococcus aureus subsp. aureus MW2]		1575502651
1575502651.fna	NZ_CP035671.1	1564133	1566451	-	adsA	1-2319/2319	===============	0/0	100.00	96.85	vfdb	NP_644838	(adsA) Adenosine synthase A [AdsA (VF0422)] [Staphylococcus aureus subsp. aureus MW2]		1575502651
1575502651.fna	NZ_CP035671.1	1618640	1622191	+	cna	1-3552/3552	===============	0/0	100.00	98.39	vfdb	NP_647429	(cna) collagen adhesin precursor [CNA (VF0005)] [Staphylococcus aureus subsp. aureus MW2]		1575502651
1575502651.fna	NZ_CP035671.1	1636722	1638767	+	lip	1-2046/2046	===============	0/0	100.00	98.63	vfdb	NP_647407	(lip) triacylglycerol lipase precursor [Lipase (CVF091)] [Staphylococcus aureus subsp. aureus MW2]		1575502651
1575502651.fna	NZ_CP035671.1	1639158	1640210	-	icaC	1-1053/1053	===============	0/0	100.00	97.25	vfdb	NP_647406	(icaC) intercellular adhesion protein C involved in polysaccharide intercellular adhesin(PIA) synthesis [Intercellular adhesion proteins (VF0014)] [Staphylococcus aureus subsp. aureus MW2]		1575502651
1575502651.fna	NZ_CP035671.1	1643231	1643536	-	icaD	1-306/306	===============	0/0	100.00	99.67	vfdb	NP_647404	(icaD) intercellular adhesion protein D involved in polysaccharide intercellular adhesin(PIA) synthesis [Intercellular adhesion proteins (VF0014)] [Staphylococcus aureus subsp. aureus MW2]		1575502651
1575502651.fna	NZ_CP035671.1	1643500	1644738	-	icaA	1-1239/1239	===============	0/0	100.00	99.76	vfdb	NP_647403	(icaA) N-acetylglucosaminyltransferase involved in polysaccharide intercellular adhesin(PIA) synthesis [Intercellular adhesion proteins (VF0014)] [Staphylococcus aureus subsp. aureus MW2]		1575502651
1575502651.fna	NZ_CP035671.1	1644903	1645463	+	icaR	1-561/561	===============	0/0	100.00	99.47	vfdb	NP_647402	(icaR) ica operon transcriptional regulator IcaR [Intercellular adhesion proteins (VF0014)] [Staphylococcus aureus subsp. aureus MW2]		1575502651
1575502651.fna	NZ_CP035671.1	1682947	1684476	+	aur	1-1530/1530	===============	0/0	100.00	90.26	vfdb	NP_647375	(aur) zinc metalloproteinase aureolysin [Aureolysin (VF0024)] [Staphylococcus aureus subsp. aureus MW2]		1575502651
1575502651.fna	NZ_CP035671.1	1691552	1693959	+	clfB	5-2394/2724	========/=====.	7/36	87.41	91.60	vfdb	NP_647368	(clfB) Clumping factor B adhesin [Clumping factor (VF0004)] [Staphylococcus aureus subsp. aureus MW2]		1575502651
1575502651.fna	NZ_CP035671.1	1837297	1840344	+	fnbA	1-3048/3048	===============	0/0	100.00	99.97	vfdb	NP_647238	(fnbA) fibronectin-binding protein A [FnBPs (VF0010)] [Staphylococcus aureus subsp. aureus MW2]		1575502651
1575502651.fna	NZ_CP035671.1	1841025	1843898	+	fnbB	1-2832/2832	========/======	1/42	100.00	98.19	vfdb	NP_647237	(fnbB) fibronectin-binding protein B [FnBPs (VF0010)] [Staphylococcus aureus subsp. aureus MW2]		1575502651
1575502651.fna	NZ_CP035671.1	1932576	1933553	-	hlgB	1-978/978	===============	0/0	100.00	93.56	vfdb	NP_647161	(hlgB) gamma-hemolysin component B [<gamma>-hemolysin (VF0011)] [Staphylococcus aureus subsp. aureus MW2]		1575502651
1575502651.fna	NZ_CP035671.1	1933555	1934502	-	hlgC	1-948/948	===============	0/0	100.00	92.93	vfdb	NP_647160	(hlgC) gamma-hemolysin component C [<gamma>-hemolysin (VF0011)] [Staphylococcus aureus subsp. aureus MW2]		1575502651
1575502651.fna	NZ_CP035671.1	1935069	1935997	-	hlgA	1-930/930	========/======	1/1	99.89	99.03	vfdb	NP_647159	(hlgA) gamma-hemolysin chain II precursor [<gamma>-hemolysin (VF0011)] [Staphylococcus aureus subsp. aureus MW2]		1575502651
1575502651.fna	NZ_CP035671.1	1936520	1937798	-	sbi	1-1279/1314	========/======	2/6	97.11	93.92	vfdb	NP_647158	(sbi) IgG-binding protein SBI [Sbi (VF0423)] [Staphylococcus aureus subsp. aureus MW2]		1575502651
1575502651.fna	NZ_CP035671.1	2137781	2140198	-	hysA	1-2418/2448	========/======	2/2	98.73	92.85	vfdb	NP_646946	(hysA) hyaluronate lyase precursor [Hyaluronate lyase (VF0013)] [Staphylococcus aureus subsp. aureus MW2]		1575502651
1575502651.fna	NZ_CP035671.1	2329019	2329153	+	hld	1-135/135	===============	0/0	100.00	99.26	vfdb	NP_646776	(hld) delta-hemolysin [<delta>-hemolysin (VF0007)] [Staphylococcus aureus subsp. aureus MW2]		1575502651
1575502651.fna	NZ_CP035671.1	2347101	2347924	-	hlb	170-993/993	..=============	0/0	82.98	98.91	vfdb	YP_186826	(hlb) beta-hemolysin [<beta>-hemolysin (VF0002)] [Staphylococcus aureus subsp. aureus COL]		1575502651
1575502651.fna	NZ_CP035671.1	2384774	2385265	+	sak	1-492/492	===============	0/0	100.00	99.59	vfdb	NP_646702	(sak) Staphylokinase precursor [Staphylokinase (VF0021)] [Staphylococcus aureus subsp. aureus MW2]		1575502651
1575502651.fna	NZ_CP035671.1	2386343	2386792	-	chp	1-450/450	===============	0/0	100.00	99.33	vfdb	YP_001332911	(chp) chemotaxis-inhibiting protein CHIPS [CHIPS (VF0424)] [Staphylococcus aureus subsp. aureus str. Newman]		1575502651
1575502651.fna	NZ_CP035671.1	2387474	2387824	+	scn	1-351/351	===============	0/0	100.00	99.72	vfdb	YP_001332910	(scn) complement inhibitor SCIN [SCIN (VF0425)] [Staphylococcus aureus subsp. aureus str. Newman]		1575502651
1575502651.fna	NZ_CP035671.1	2389585	2391332	+	map	1-1755/1755	========/======	2/7	99.60	90.71	vfdb	CAB94853	(map) extracellular proteins Map [Eap/Map (VF0016)] [Staphylococcus aureus str. Newman D2C (ATCC 25904)]		1575502651
2212168474.fna	NZ_CP092563.1	30490	32808	+	adsA	1-2319/2319	===============	0/0	100.00	96.46	vfdb	NP_644838	(adsA) Adenosine synthase A [AdsA (VF0422)] [Staphylococcus aureus subsp. aureus MW2]		2212168474
2212168474.fna	NZ_CP092563.1	95450	96976	-	spa	1-1479/1479	========/======	1/48	100.00	95.35	vfdb	NP_644899	(spa) Immunoglobulin G binding protein A precursor [SpA (VF0017)] [Staphylococcus aureus subsp. aureus MW2]		2212168474
2212168474.fna	NZ_CP092563.1	140384	140900	+	cap8A	1-516/516	========/======	1/1	100.00	99.81	vfdb	NP_644939	(cap8A) capsular polysaccharide synthesis enzyme  [Capsule (VF0003)] [Staphylococcus aureus subsp. aureus MW2]		2212168474
2212168474.fna	NZ_CP092563.1	141068	141754	+	cap8B	1-687/687	===============	0/0	100.00	98.98	vfdb	NP_644940	(cap8B) capsular polysaccharide synthesis enzyme Cap8B [Capsule (VF0003)] [Staphylococcus aureus subsp. aureus MW2]		2212168474
2212168474.fna	NZ_CP092563.1	141757	142521	+	cap8C	1-765/765	===============	0/0	100.00	99.74	vfdb	NP_644941	(cap8C) capsular polysaccharide synthesis enzyme Cap8C [Capsule (VF0003)] [Staphylococcus aureus subsp. aureus MW2]		2212168474
2212168474.fna	NZ_CP092563.1	142541	144364	+	cap8D	1-1824/1824	===============	0/0	100.00	99.73	vfdb	NP_644942	(cap8D) capsular polysaccharide synthesis enzyme Cap8D [Capsule (VF0003)] [Staphylococcus aureus subsp. aureus MW2]		2212168474
2212168474.fna	NZ_CP092563.1	144354	145382	+	cap8E	1-1029/1029	===============	0/0	100.00	99.22	vfdb	NP_644943	(cap8E) capsular polysaccharide synthesis enzyme Cap8E [Capsule (VF0003)] [Staphylococcus aureus subsp. aureus MW2]		2212168474
2212168474.fna	NZ_CP092563.1	145395	146504	+	cap8F	1-1110/1110	===============	0/0	100.00	99.46	vfdb	NP_644944	(cap8F) capsular polysaccharide synthesis enzyme Cap8F [Capsule (VF0003)] [Staphylococcus aureus subsp. aureus MW2]		2212168474
2212168474.fna	NZ_CP092563.1	146508	147632	+	cap8G	1-1125/1125	===============	0/0	100.00	99.56	vfdb	NP_644945	(cap8G) capsular polysaccharide synthesis enzyme Cap8G [Capsule (VF0003)] [Staphylococcus aureus subsp. aureus MW2]		2212168474
2212168474.fna	NZ_CP092563.1	151754	152959	+	cap8L	1-1206/1206	===============	0/0	100.00	99.50	vfdb	NP_644950	(cap8L) capsular polysaccharide synthesis enzyme Cap8L [Capsule (VF0003)] [Staphylococcus aureus subsp. aureus MW2]		2212168474
2212168474.fna	NZ_CP092563.1	152970	153527	+	cap8M	1-558/558	===============	0/0	100.00	99.64	vfdb	NP_644951	(cap8M) capsular polysaccharide synthesis enzyme Cap8M [Capsule (VF0003)] [Staphylococcus aureus subsp. aureus MW2]		2212168474
2212168474.fna	NZ_CP092563.1	153527	154414	+	cap8N	1-888/888	===============	0/0	100.00	99.44	vfdb	NP_644952	(cap8N) capsular polysaccharide synthesis enzyme Cap8N [Capsule (VF0003)] [Staphylococcus aureus subsp. aureus MW2]		2212168474
2212168474.fna	NZ_CP092563.1	154468	155730	+	cap8O	1-1263/1263	===============	0/0	100.00	99.05	vfdb	NP_644953	(cap8O) capsular polysaccharide synthesis enzyme Cap8O [Capsule (VF0003)] [Staphylococcus aureus subsp. aureus MW2]		2212168474
2212168474.fna	NZ_CP092563.1	155807	156952	+	cap8P	1-1146/1146	===============	0/0	100.00	99.56	vfdb	NP_644954	(cap8P) capsular polysaccharide synthesis enzyme Cap8P [Capsule (VF0003)] [Staphylococcus aureus subsp. aureus MW2]		2212168474
2212168474.fna	NZ_CP092563.1	299972	300265	+	esxA	1-294/294	===============	0/0	100.00	100.00	vfdb	NP_645073	(esxA) type VII secretion system protein secreted protein EsxA [Type VII secretion system (VF0403)] [Staphylococcus aureus subsp. aureus MW2]		2212168474
2212168474.fna	NZ_CP092563.1	300348	303377	+	esaA	1-3030/3030	===============	0/0	100.00	98.91	vfdb	NP_645074	(esaA) type VII secretion system protein EsaA [Type VII secretion system (VF0403)] [Staphylococcus aureus subsp. aureus MW2]		2212168474
2212168474.fna	NZ_CP092563.1	303377	303835	+	essA	1-459/459	===============	0/0	100.00	98.26	vfdb	NP_645075	(essA) type VII secretion system protein EssA monotopic membrane protein [Type VII secretion system (VF0403)] [Staphylococcus aureus subsp. aureus MW2]		2212168474
2212168474.fna	NZ_CP092563.1	303807	304049	+	esaB	1-243/243	===============	0/0	100.00	99.59	vfdb	NP_645076	(esaB) type VII secretion system protein EsaB [Type VII secretion system (VF0403)] [Staphylococcus aureus subsp. aureus MW2]		2212168474
2212168474.fna	NZ_CP092563.1	304062	305396	+	essB	1-1335/1335	===============	0/0	100.00	99.03	vfdb	NP_645078	(essB) type VII secretion system protein EssB monotopic membrane protein [Type VII secretion system (VF0403)] [Staphylococcus aureus subsp. aureus MW2]		2212168474
2212168474.fna	NZ_CP092563.1	305418	309857	+	essC	1-4440/4440	===============	0/0	100.00	98.51	vfdb	NP_645079	(essC) type VII secretion system protein EssC FtsK/SpoIIIE family ATPase [Type VII secretion system (VF0403)] [Staphylococcus aureus subsp. aureus MW2]		2212168474
2212168474.fna	NZ_CP092563.1	309887	310279	+	esaC	1-393/393	===============	0/0	100.00	97.71	vfdb	NP_645081	(esaC) type VII secretion system protein secreted protein EsxC [Type VII secretion system (VF0403)] [Staphylococcus aureus subsp. aureus MW2]		2212168474
2212168474.fna	NZ_CP092563.1	310295	310609	+	esxB	1-315/315	===============	0/0	100.00	97.46	vfdb	NP_645082	(esxB) type VII secretion system protein secreted protein EsxB [Type VII secretion system (VF0403)] [Staphylococcus aureus subsp. aureus MW2]		2212168474
2212168474.fna	NZ_CP092563.1	338357	340432	+	geh	1-2073/2073	========/======	1/3	100.00	99.13	vfdb	NP_645114	(geh) glycerol ester hydrolase [Lipase (VF0012)] [Staphylococcus aureus subsp. aureus MW2]		2212168474
2212168474.fna	NZ_CP092563.1	582904	585753	+	sdrC	1-2868/2868	========/======	5/22	99.30	93.83	vfdb	NP_645333	(sdrC) Ser-Asp rich fibrinogen-binding bone sialoprotein-binding protein [SDr (VF0019)] [Staphylococcus aureus subsp. aureus MW2]		2212168474
2212168474.fna	NZ_CP092563.1	586120	589968	+	sdrD	1-3855/4044	========/======	5/14	95.08	93.13	vfdb	NP_645334	(sdrD) Ser-Asp rich fibrinogen-binding bone sialoprotein-binding protein [SDr (VF0019)] [Staphylococcus aureus subsp. aureus MW2]		2212168474
2212168474.fna	NZ_CP092563.1	590635	594096	+	sdrE	1-3426/3426	========/======	3/72	99.47	95.03	vfdb	NP_645335	(sdrE) Ser-Asp rich fibrinogen-binding bone sialoprotein-binding protein [SDr (VF0019)] [Staphylococcus aureus subsp. aureus MW2]		2212168474
2212168474.fna	NZ_CP092563.1	841980	844841	+	clfA	1-2841/2841	========/======	6/37	99.72	89.93	vfdb	NP_645581	(clfA) Clumping factor A fibrinogen-binding protein [Clumping factor (VF0004)] [Staphylococcus aureus subsp. aureus MW2]		2212168474
2212168474.fna	NZ_CP092563.1	1009979	1010308	-	sspC	1-330/330	===============	0/0	100.00	99.70	vfdb	NP_645747	(sspC) Staphostatin B [Staphopain (VF0006)] [Staphylococcus aureus subsp. aureus MW2]		2212168474
2212168474.fna	NZ_CP092563.1	1010346	1011527	-	sspB	1-1182/1182	===============	0/0	100.00	99.83	vfdb	NP_645748	(sspB) staphopain cysteine proteinase SspB [Staphopain (VF0006)] [Staphylococcus aureus subsp. aureus MW2]		2212168474
2212168474.fna	NZ_CP092563.1	1011609	1012637	-	sspA	1-984/984	========/======	1/45	100.00	94.85	vfdb	NP_645749	(sspA) serine protease; V8 protease; glutamyl endopeptidase [V8 protease (VF0023)] [Staphylococcus aureus subsp. aureus MW2]		2212168474
2212168474.fna	NZ_CP092563.1	1094555	1096483	-	isdB	1-1938/1938	========/======	1/9	99.54	98.45	vfdb	YP_001332074	(isdB) iron-regulated surface determinant protein B haemoglobin receptor [Isd (VF0015)] [Staphylococcus aureus subsp. aureus str. Newman]		2212168474
2212168474.fna	NZ_CP092563.1	1096686	1097738	-	isdA	1-1053/1053	===============	0/0	100.00	99.91	vfdb	YP_001332075	(isdA) iron-regulated surface determinant protein A [Isd (VF0015)] [Staphylococcus aureus subsp. aureus str. Newman]		2212168474
2212168474.fna	NZ_CP092563.1	1097947	1098630	+	isdC	1-684/684	===============	0/0	100.00	100.00	vfdb	YP_001332076	(isdC) iron-regulated surface determinant protein C [Isd (VF0015)] [Staphylococcus aureus subsp. aureus str. Newman]		2212168474
2212168474.fna	NZ_CP092563.1	1098630	1099706	+	isdD	1-1077/1077	===============	0/0	100.00	99.72	vfdb	NP_645831	(isdD) iron-regulated surface determinant protein D [Isd (VF0015)] [Staphylococcus aureus subsp. aureus MW2]		2212168474
2212168474.fna	NZ_CP092563.1	1099703	1100581	+	isdE	1-879/879	===============	0/0	100.00	100.00	vfdb	YP_001332078	(isdE) iron-regulated surface determinant protein E [Isd (VF0015)] [Staphylococcus aureus subsp. aureus str. Newman]		2212168474
2212168474.fna	NZ_CP092563.1	1100594	1101559	+	isdF	1-966/966	===============	0/0	100.00	99.69	vfdb	NP_645833	(isdF) iron-regulated surface determinant protein F ATP-binding-cassette-type transmembrane transporter [Isd (VF0015)] [Staphylococcus aureus subsp. aureus MW2]		2212168474
2212168474.fna	NZ_CP092563.1	1101621	1102355	+	srtB	1-735/735	===============	0/0	100.00	99.59	vfdb	NP_645834	(srtB) NPQTN specific sortase B [Isd (VF0015)] [Staphylococcus aureus subsp. aureus MW2]		2212168474
2212168474.fna	NZ_CP092563.1	1102374	1102697	+	isdG	1-324/324	===============	0/0	100.00	99.69	vfdb	YP_001332081	(isdG) iron-regulated surface determinant protein G [Isd (VF0015)] [Staphylococcus aureus subsp. aureus str. Newman]		2212168474
2212168474.fna	NZ_CP092563.1	1130336	1131295	-	hly/hla	1-960/960	===============	0/0	100.00	99.79	vfdb	NP_645861	(hly/hla) Alpha-Hemolysin precursor [<alpha>-hemolysin (VF0001)] [Staphylococcus aureus subsp. aureus MW2]		2212168474
2212168474.fna	NZ_CP092563.1	1508767	1510227	-	ebp	1-1461/1461	===============	0/0	100.00	99.80	vfdb	NP_646186	(ebp) cell surface elastin binding protein [EbpS (VF0008)] [Staphylococcus aureus subsp. aureus MW2]		2212168474
2212168474.fna	NZ_CP092563.1	1850999	1851967	-	lukF-PV	1-969/978	========/======	2/2	98.98	82.37	vfdb	NP_646195	(lukF-PV) Panton-Valentine leukocidin chain F precursor [PVL (VF0018)] [Staphylococcus aureus subsp. aureus MW2]		2212168474
2212168474.fna	NZ_CP092563.1	2028546	2029967	-	map	1-1428/1755	========/====..	5/10	80.91	89.37	vfdb	CAB94853	(map) extracellular proteins Map [Eap/Map (VF0016)] [Staphylococcus aureus str. Newman D2C (ATCC 25904)]		2212168474
2212168474.fna	NZ_CP092563.1	2030356	2031348	+	hlb	1-993/993	===============	0/0	100.00	99.19	vfdb	YP_186826	(hlb) beta-hemolysin [<beta>-hemolysin (VF0002)] [Staphylococcus aureus subsp. aureus COL]		2212168474
2212168474.fna	NZ_CP092563.1	2060862	2060996	-	hld	1-135/135	===============	0/0	100.00	99.26	vfdb	NP_646776	(hld) delta-hemolysin [<delta>-hemolysin (VF0007)] [Staphylococcus aureus subsp. aureus MW2]		2212168474
2212168474.fna	NZ_CP092563.1	2250101	2252521	+	hysA	1-2418/2448	========/======	3/5	98.73	94.67	vfdb	NP_646946	(hysA) hyaluronate lyase precursor [Hyaluronate lyase (VF0013)] [Staphylococcus aureus subsp. aureus MW2]		2212168474
2212168474.fna	NZ_CP092563.1	2452898	2454208	+	sbi	1-1314/1314	========/======	1/3	99.77	98.17	vfdb	NP_647158	(sbi) IgG-binding protein SBI [Sbi (VF0423)] [Staphylococcus aureus subsp. aureus MW2]		2212168474
2212168474.fna	NZ_CP092563.1	2454744	2455673	+	hlgA	1-930/930	===============	0/0	100.00	99.68	vfdb	NP_647159	(hlgA) gamma-hemolysin chain II precursor [<gamma>-hemolysin (VF0011)] [Staphylococcus aureus subsp. aureus MW2]		2212168474
2212168474.fna	NZ_CP092563.1	2456240	2457187	+	hlgC	1-948/948	===============	0/0	100.00	99.47	vfdb	NP_647160	(hlgC) gamma-hemolysin component C [<gamma>-hemolysin (VF0011)] [Staphylococcus aureus subsp. aureus MW2]		2212168474
2212168474.fna	NZ_CP092563.1	2457189	2458166	+	hlgB	1-978/978	===============	0/0	100.00	99.80	vfdb	NP_647161	(hlgB) gamma-hemolysin component B [<gamma>-hemolysin (VF0011)] [Staphylococcus aureus subsp. aureus MW2]		2212168474
2212168474.fna	NZ_CP092563.1	2543621	2546506	-	fnbB	1-2832/2832	========/======	24/98	99.22	85.87	vfdb	NP_647237	(fnbB) fibronectin-binding protein B [FnBPs (VF0010)] [Staphylococcus aureus subsp. aureus MW2]		2212168474
2212168474.fna	NZ_CP092563.1	2547504	2550303	-	fnbA	1-2815/3048	========/=====.	4/23	91.73	95.96	vfdb	NP_647238	(fnbA) fibronectin-binding protein A [FnBPs (VF0010)] [Staphylococcus aureus subsp. aureus MW2]		2212168474
2212168474.fna	NZ_CP092563.1	2723188	2725821	-	clfB	1-2724/2724	========/======	7/96	96.59	90.87	vfdb	NP_647368	(clfB) Clumping factor B adhesin [Clumping factor (VF0004)] [Staphylococcus aureus subsp. aureus MW2]		2212168474
2212168474.fna	NZ_CP092563.1	2732894	2734423	-	aur	1-1530/1530	===============	0/0	100.00	99.67	vfdb	NP_647375	(aur) zinc metalloproteinase aureolysin [Aureolysin (VF0024)] [Staphylococcus aureus subsp. aureus MW2]		2212168474
2212168474.fna	NZ_CP092563.1	2774570	2775130	-	icaR	1-561/561	===============	0/0	100.00	99.82	vfdb	NP_647402	(icaR) ica operon transcriptional regulator IcaR [Intercellular adhesion proteins (VF0014)] [Staphylococcus aureus subsp. aureus MW2]		2212168474
2212168474.fna	NZ_CP092563.1	2775294	2776532	+	icaA	1-1239/1239	===============	0/0	100.00	99.84	vfdb	NP_647403	(icaA) N-acetylglucosaminyltransferase involved in polysaccharide intercellular adhesin(PIA) synthesis [Intercellular adhesion proteins (VF0014)] [Staphylococcus aureus subsp. aureus MW2]		2212168474
2212168474.fna	NZ_CP092563.1	2776496	2776801	+	icaD	1-306/306	===============	0/0	100.00	99.67	vfdb	NP_647404	(icaD) intercellular adhesion protein D involved in polysaccharide intercellular adhesin(PIA) synthesis [Intercellular adhesion proteins (VF0014)] [Staphylococcus aureus subsp. aureus MW2]		2212168474
2212168474.fna	NZ_CP092563.1	2776798	2777670	+	icaB	1-873/873	===============	0/0	100.00	99.89	vfdb	NP_647405	(icaB) N-deacetylase involved in polysaccharide intercellular adhesin(PIA) synthesis [Intercellular adhesion proteins (VF0014)] [Staphylococcus aureus subsp. aureus MW2]		2212168474
2212168474.fna	NZ_CP092563.1	2777657	2778709	+	icaC	1-1053/1053	===============	0/0	100.00	99.33	vfdb	NP_647406	(icaC) intercellular adhesion protein C involved in polysaccharide intercellular adhesin(PIA) synthesis [Intercellular adhesion proteins (VF0014)] [Staphylococcus aureus subsp. aureus MW2]		2212168474
2212168474.fna	NZ_CP092563.1	2779044	2781089	-	lip	1-2046/2046	===============	0/0	100.00	98.97	vfdb	NP_647407	(lip) triacylglycerol lipase precursor [Lipase (CVF091)] [Staphylococcus aureus subsp. aureus MW2]		2212168474
NZ_CP077755.1.fna	NZ_CP077755.1	426060	427520	+	ebp	1-1461/1461	===============	0/0	100.00	99.80	vfdb	NP_646186	(ebp) cell surface elastin binding protein [EbpS (VF0008)] [Staphylococcus aureus subsp. aureus MW2]		NZ_CP077755.1
NZ_CP077755.1.fna	NZ_CP077755.1	815968	816927	+	hly/hla	1-960/960	===============	0/0	100.00	99.69	vfdb	NP_645861	(hly/hla) Alpha-Hemolysin precursor [<alpha>-hemolysin (VF0001)] [Staphylococcus aureus subsp. aureus MW2]		NZ_CP077755.1
NZ_CP077755.1.fna	NZ_CP077755.1	844271	844594	-	isdG	1-324/324	===============	0/0	100.00	99.38	vfdb	YP_001332081	(isdG) iron-regulated surface determinant protein G [Isd (VF0015)] [Staphylococcus aureus subsp. aureus str. Newman]		NZ_CP077755.1
NZ_CP077755.1.fna	NZ_CP077755.1	844613	845347	-	srtB	1-735/735	===============	0/0	100.00	99.73	vfdb	NP_645834	(srtB) NPQTN specific sortase B [Isd (VF0015)] [Staphylococcus aureus subsp. aureus MW2]		NZ_CP077755.1
NZ_CP077755.1.fna	NZ_CP077755.1	845409	846374	-	isdF	1-966/966	===============	0/0	100.00	99.90	vfdb	NP_645833	(isdF) iron-regulated surface determinant protein F ATP-binding-cassette-type transmembrane transporter [Isd (VF0015)] [Staphylococcus aureus subsp. aureus MW2]		NZ_CP077755.1
NZ_CP077755.1.fna	NZ_CP077755.1	846387	847265	-	isdE	1-879/879	===============	0/0	100.00	99.43	vfdb	YP_001332078	(isdE) iron-regulated surface determinant protein E [Isd (VF0015)] [Staphylococcus aureus subsp. aureus str. Newman]		NZ_CP077755.1
NZ_CP077755.1.fna	NZ_CP077755.1	847262	848338	-	isdD	1-1077/1077	===============	0/0	100.00	99.81	vfdb	NP_645831	(isdD) iron-regulated surface determinant protein D [Isd (VF0015)] [Staphylococcus aureus subsp. aureus MW2]		NZ_CP077755.1
NZ_CP077755.1.fna	NZ_CP077755.1	848338	849021	-	isdC	1-684/684	===============	0/0	100.00	99.56	vfdb	YP_001332076	(isdC) iron-regulated surface determinant protein C [Isd (VF0015)] [Staphylococcus aureus subsp. aureus str. Newman]		NZ_CP077755.1
NZ_CP077755.1.fna	NZ_CP077755.1	849230	850282	+	isdA	1-1053/1053	===============	0/0	100.00	99.72	vfdb	YP_001332075	(isdA) iron-regulated surface determinant protein A [Isd (VF0015)] [Staphylococcus aureus subsp. aureus str. Newman]		NZ_CP077755.1
NZ_CP077755.1.fna	NZ_CP077755.1	850485	852410	+	isdB	1-1938/1938	========/======	2/12	99.38	98.14	vfdb	YP_001332074	(isdB) iron-regulated surface determinant protein B haemoglobin receptor [Isd (VF0015)] [Staphylococcus aureus subsp. aureus str. Newman]		NZ_CP077755.1
NZ_CP077755.1.fna	NZ_CP077755.1	934341	935351	+	sspA	1-984/984	========/======	1/27	100.00	96.74	vfdb	NP_645749	(sspA) serine protease; V8 protease; glutamyl endopeptidase [V8 protease (VF0023)] [Staphylococcus aureus subsp. aureus MW2]		NZ_CP077755.1
NZ_CP077755.1.fna	NZ_CP077755.1	935433	936614	+	sspB	1-1182/1182	===============	0/0	100.00	100.00	vfdb	NP_645748	(sspB) staphopain cysteine proteinase SspB [Staphopain (VF0006)] [Staphylococcus aureus subsp. aureus MW2]		NZ_CP077755.1
NZ_CP077755.1.fna	NZ_CP077755.1	936652	936981	+	sspC	1-330/330	===============	0/0	100.00	100.00	vfdb	NP_645747	(sspC) Staphostatin B [Staphopain (VF0006)] [Staphylococcus aureus subsp. aureus MW2]		NZ_CP077755.1
NZ_CP077755.1.fna	NZ_CP077755.1	1095777	1097309	-	vWbp	1-1527/1527	========/======	10/18	99.61	82.91	vfdb	YP_001331791	(vWbp) secreted von Willebrand factor-binding protein precursor [vWbp (VF0420)] [Staphylococcus aureus subsp. aureus str. Newman]		NZ_CP077755.1
NZ_CP077755.1.fna	NZ_CP077755.1	1097530	1100331	-	clfA	1-2841/2841	========/======	3/45	98.52	94.02	vfdb	NP_645581	(clfA) Clumping factor A fibrinogen-binding protein [Clumping factor (VF0004)] [Staphylococcus aureus subsp. aureus MW2]		NZ_CP077755.1
NZ_CP077755.1.fna	NZ_CP077755.1	1336555	1339920	-	sdrE	1-3426/3426	========/======	4/60	98.25	94.78	vfdb	NP_645335	(sdrE) Ser-Asp rich fibrinogen-binding bone sialoprotein-binding protein [SDr (VF0019)] [Staphylococcus aureus subsp. aureus MW2]		NZ_CP077755.1
NZ_CP077755.1.fna	NZ_CP077755.1	1340588	1344460	-	sdrD	1-3855/4044	========/======	11/36	95.10	94.75	vfdb	NP_645334	(sdrD) Ser-Asp rich fibrinogen-binding bone sialoprotein-binding protein [SDr (VF0019)] [Staphylococcus aureus subsp. aureus MW2]		NZ_CP077755.1
NZ_CP077755.1.fna	NZ_CP077755.1	1345102	1347796	-	sdrC	1-2689/2868	========/======	4/22	93.48	93.56	vfdb	NP_645333	(sdrC) Ser-Asp rich fibrinogen-binding bone sialoprotein-binding protein [SDr (VF0019)] [Staphylococcus aureus subsp. aureus MW2]		NZ_CP077755.1
NZ_CP077755.1.fna	NZ_CP077755.1	1603921	1605993	-	geh	1-2073/2073	===============	0/0	100.00	99.71	vfdb	NP_645114	(geh) glycerol ester hydrolase [Lipase (VF0012)] [Staphylococcus aureus subsp. aureus MW2]		NZ_CP077755.1
NZ_CP077755.1.fna	NZ_CP077755.1	1633226	1633540	-	esxB	1-315/315	===============	0/0	100.00	97.46	vfdb	NP_645082	(esxB) type VII secretion system protein secreted protein EsxB [Type VII secretion system (VF0403)] [Staphylococcus aureus subsp. aureus MW2]		NZ_CP077755.1
NZ_CP077755.1.fna	NZ_CP077755.1	1633556	1633948	-	esaC	1-393/393	===============	0/0	100.00	97.71	vfdb	NP_645081	(esaC) type VII secretion system protein secreted protein EsxC [Type VII secretion system (VF0403)] [Staphylococcus aureus subsp. aureus MW2]		NZ_CP077755.1
NZ_CP077755.1.fna	NZ_CP077755.1	1633978	1638417	-	essC	1-4440/4440	===============	0/0	100.00	98.51	vfdb	NP_645079	(essC) type VII secretion system protein EssC FtsK/SpoIIIE family ATPase [Type VII secretion system (VF0403)] [Staphylococcus aureus subsp. aureus MW2]		NZ_CP077755.1
NZ_CP077755.1.fna	NZ_CP077755.1	1638439	1639773	-	essB	1-1335/1335	===============	0/0	100.00	98.95	vfdb	NP_645078	(essB) type VII secretion system protein EssB monotopic membrane protein [Type VII secretion system (VF0403)] [Staphylococcus aureus subsp. aureus MW2]		NZ_CP077755.1
NZ_CP077755.1.fna	NZ_CP077755.1	1639786	1640028	-	esaB	1-243/243	===============	0/0	100.00	99.59	vfdb	NP_645076	(esaB) type VII secretion system protein EsaB [Type VII secretion system (VF0403)] [Staphylococcus aureus subsp. aureus MW2]		NZ_CP077755.1
NZ_CP077755.1.fna	NZ_CP077755.1	1640000	1640458	-	essA	1-459/459	===============	0/0	100.00	98.26	vfdb	NP_645075	(essA) type VII secretion system protein EssA monotopic membrane protein [Type VII secretion system (VF0403)] [Staphylococcus aureus subsp. aureus MW2]		NZ_CP077755.1
NZ_CP077755.1.fna	NZ_CP077755.1	1640458	1643487	-	esaA	1-3030/3030	===============	0/0	100.00	98.94	vfdb	NP_645074	(esaA) type VII secretion system protein EsaA [Type VII secretion system (VF0403)] [Staphylococcus aureus subsp. aureus MW2]		NZ_CP077755.1
NZ_CP077755.1.fna	NZ_CP077755.1	1643570	1643863	-	esxA	1-294/294	===============	0/0	100.00	100.00	vfdb	NP_645073	(esxA) type VII secretion system protein secreted protein EsxA [Type VII secretion system (VF0403)] [Staphylococcus aureus subsp. aureus MW2]		NZ_CP077755.1
NZ_CP077755.1.fna	NZ_CP077755.1	1789183	1790328	-	cap8P	1-1146/1146	===============	0/0	100.00	99.65	vfdb	NP_644954	(cap8P) capsular polysaccharide synthesis enzyme Cap8P [Capsule (VF0003)] [Staphylococcus aureus subsp. aureus MW2]		NZ_CP077755.1
NZ_CP077755.1.fna	NZ_CP077755.1	1790405	1791667	-	cap8O	1-1263/1263	===============	0/0	100.00	98.73	vfdb	NP_644953	(cap8O) capsular polysaccharide synthesis enzyme Cap8O [Capsule (VF0003)] [Staphylococcus aureus subsp. aureus MW2]		NZ_CP077755.1
NZ_CP077755.1.fna	NZ_CP077755.1	1791721	1792608	-	cap8N	1-888/888	===============	0/0	100.00	99.78	vfdb	NP_644952	(cap8N) capsular polysaccharide synthesis enzyme Cap8N [Capsule (VF0003)] [Staphylococcus aureus subsp. aureus MW2]		NZ_CP077755.1
NZ_CP077755.1.fna	NZ_CP077755.1	1792649	1793206	-	cap8M	1-558/558	===============	0/0	100.00	99.82	vfdb	NP_644951	(cap8M) capsular polysaccharide synthesis enzyme Cap8M [Capsule (VF0003)] [Staphylococcus aureus subsp. aureus MW2]		NZ_CP077755.1
NZ_CP077755.1.fna	NZ_CP077755.1	1793217	1794422	-	cap8L	1-1206/1206	===============	0/0	100.00	99.58	vfdb	NP_644950	(cap8L) capsular polysaccharide synthesis enzyme Cap8L [Capsule (VF0003)] [Staphylococcus aureus subsp. aureus MW2]		NZ_CP077755.1
NZ_CP077755.1.fna	NZ_CP077755.1	1798544	1799668	-	cap8G	1-1125/1125	===============	0/0	100.00	99.73	vfdb	NP_644945	(cap8G) capsular polysaccharide synthesis enzyme Cap8G [Capsule (VF0003)] [Staphylococcus aureus subsp. aureus MW2]		NZ_CP077755.1
NZ_CP077755.1.fna	NZ_CP077755.1	1799672	1800781	-	cap8F	1-1110/1110	===============	0/0	100.00	99.01	vfdb	NP_644944	(cap8F) capsular polysaccharide synthesis enzyme Cap8F [Capsule (VF0003)] [Staphylococcus aureus subsp. aureus MW2]		NZ_CP077755.1
NZ_CP077755.1.fna	NZ_CP077755.1	1800794	1801822	-	cap8E	1-1029/1029	===============	0/0	100.00	100.00	vfdb	NP_644943	(cap8E) capsular polysaccharide synthesis enzyme Cap8E [Capsule (VF0003)] [Staphylococcus aureus subsp. aureus MW2]		NZ_CP077755.1
NZ_CP077755.1.fna	NZ_CP077755.1	1801812	1803635	-	cap8D	1-1824/1824	===============	0/0	100.00	99.62	vfdb	NP_644942	(cap8D) capsular polysaccharide synthesis enzyme Cap8D [Capsule (VF0003)] [Staphylococcus aureus subsp. aureus MW2]		NZ_CP077755.1
NZ_CP077755.1.fna	NZ_CP077755.1	1803655	1804419	-	cap8C	1-765/765	===============	0/0	100.00	99.74	vfdb	NP_644941	(cap8C) capsular polysaccharide synthesis enzyme Cap8C [Capsule (VF0003)] [Staphylococcus aureus subsp. aureus MW2]		NZ_CP077755.1
NZ_CP077755.1.fna	NZ_CP077755.1	1804422	1805108	-	cap8B	1-687/687	===============	0/0	100.00	99.85	vfdb	NP_644940	(cap8B) capsular polysaccharide synthesis enzyme Cap8B [Capsule (VF0003)] [Staphylococcus aureus subsp. aureus MW2]		NZ_CP077755.1
NZ_CP077755.1.fna	NZ_CP077755.1	1805276	1805792	-	cap8A	1-516/516	========/======	1/1	100.00	99.81	vfdb	NP_644939	(cap8A) capsular polysaccharide synthesis enzyme  [Capsule (VF0003)] [Staphylococcus aureus subsp. aureus MW2]		NZ_CP077755.1
NZ_CP077755.1.fna	NZ_CP077755.1	1984006	1986324	-	adsA	1-2319/2319	===============	0/0	100.00	97.20	vfdb	NP_644838	(adsA) Adenosine synthase A [AdsA (VF0422)] [Staphylococcus aureus subsp. aureus MW2]		NZ_CP077755.1
NZ_CP077755.1.fna	NZ_CP077755.1	2055692	2057737	+	lip	1-2046/2046	===============	0/0	100.00	99.95	vfdb	NP_647407	(lip) triacylglycerol lipase precursor [Lipase (CVF091)] [Staphylococcus aureus subsp. aureus MW2]		NZ_CP077755.1
NZ_CP077755.1.fna	NZ_CP077755.1	2057988	2059040	-	icaC	1-1053/1053	===============	0/0	100.00	99.14	vfdb	NP_647406	(icaC) intercellular adhesion protein C involved in polysaccharide intercellular adhesin(PIA) synthesis [Intercellular adhesion proteins (VF0014)] [Staphylococcus aureus subsp. aureus MW2]		NZ_CP077755.1
NZ_CP077755.1.fna	NZ_CP077755.1	2059027	2059899	-	icaB	1-873/873	===============	0/0	100.00	99.77	vfdb	NP_647405	(icaB) N-deacetylase involved in polysaccharide intercellular adhesin(PIA) synthesis [Intercellular adhesion proteins (VF0014)] [Staphylococcus aureus subsp. aureus MW2]		NZ_CP077755.1
NZ_CP077755.1.fna	NZ_CP077755.1	2059896	2060201	-	icaD	1-306/306	===============	0/0	100.00	99.67	vfdb	NP_647404	(icaD) intercellular adhesion protein D involved in polysaccharide intercellular adhesin(PIA) synthesis [Intercellular adhesion proteins (VF0014)] [Staphylococcus aureus subsp. aureus MW2]		NZ_CP077755.1
NZ_CP077755.1.fna	NZ_CP077755.1	2060165	2061403	-	icaA	1-1239/1239	===============	0/0	100.00	99.60	vfdb	NP_647403	(icaA) N-acetylglucosaminyltransferase involved in polysaccharide intercellular adhesin(PIA) synthesis [Intercellular adhesion proteins (VF0014)] [Staphylococcus aureus subsp. aureus MW2]		NZ_CP077755.1
NZ_CP077755.1.fna	NZ_CP077755.1	2061567	2062127	+	icaR	1-561/561	===============	0/0	100.00	99.47	vfdb	NP_647402	(icaR) ica operon transcriptional regulator IcaR [Intercellular adhesion proteins (VF0014)] [Staphylococcus aureus subsp. aureus MW2]		NZ_CP077755.1
NZ_CP077755.1.fna	NZ_CP077755.1	2101882	2103411	+	aur	1-1530/1530	===============	0/0	100.00	99.61	vfdb	NP_647375	(aur) zinc metalloproteinase aureolysin [Aureolysin (VF0024)] [Staphylococcus aureus subsp. aureus MW2]		NZ_CP077755.1
NZ_CP077755.1.fna	NZ_CP077755.1	2110481	2113144	+	clfB	1-2724/2724	========/======	5/66	97.69	95.23	vfdb	NP_647368	(clfB) Clumping factor B adhesin [Clumping factor (VF0004)] [Staphylococcus aureus subsp. aureus MW2]		NZ_CP077755.1
NZ_CP077755.1.fna	NZ_CP077755.1	2260556	2263382	+	fnbA	1-2815/3048	========/=====.	6/20	92.22	87.60	vfdb	NP_647238	(fnbA) fibronectin-binding protein A [FnBPs (VF0010)] [Staphylococcus aureus subsp. aureus MW2]		NZ_CP077755.1
NZ_CP077755.1.fna	NZ_CP077755.1	2264380	2267166	+	fnbB	1-2832/2832	========/======	20/95	97.53	86.49	vfdb	NP_647237	(fnbB) fibronectin-binding protein B [FnBPs (VF0010)] [Staphylococcus aureus subsp. aureus MW2]		NZ_CP077755.1
NZ_CP077755.1.fna	NZ_CP077755.1	2340794	2341771	-	hlgB	1-978/978	===============	0/0	100.00	99.80	vfdb	NP_647161	(hlgB) gamma-hemolysin component B [<gamma>-hemolysin (VF0011)] [Staphylococcus aureus subsp. aureus MW2]		NZ_CP077755.1
NZ_CP077755.1.fna	NZ_CP077755.1	2341773	2342720	-	hlgC	1-948/948	===============	0/0	100.00	99.26	vfdb	NP_647160	(hlgC) gamma-hemolysin component C [<gamma>-hemolysin (VF0011)] [Staphylococcus aureus subsp. aureus MW2]		NZ_CP077755.1
NZ_CP077755.1.fna	NZ_CP077755.1	2343288	2344217	-	hlgA	1-930/930	===============	0/0	100.00	99.57	vfdb	NP_647159	(hlgA) gamma-hemolysin chain II precursor [<gamma>-hemolysin (VF0011)] [Staphylococcus aureus subsp. aureus MW2]		NZ_CP077755.1
NZ_CP077755.1.fna	NZ_CP077755.1	2344753	2346066	-	sbi	1-1314/1314	========/======	2/2	99.92	94.91	vfdb	NP_647158	(sbi) IgG-binding protein SBI [Sbi (VF0423)] [Staphylococcus aureus subsp. aureus MW2]		NZ_CP077755.1
NZ_CP077755.1.fna	NZ_CP077755.1	2542454	2544904	-	hysA	1-2448/2448	========/======	2/9	99.88	91.61	vfdb	NP_646946	(hysA) hyaluronate lyase precursor [Hyaluronate lyase (VF0013)] [Staphylococcus aureus subsp. aureus MW2]		NZ_CP077755.1
NZ_CP077755.1.fna	NZ_CP077755.1	2732703	2732837	+	hld	1-135/135	===============	0/0	100.00	99.26	vfdb	NP_646776	(hld) delta-hemolysin [<delta>-hemolysin (VF0007)] [Staphylococcus aureus subsp. aureus MW2]		NZ_CP077755.1
NZ_CP077755.1.fna	NZ_CP077755.1	2750884	2751876	-	hlb	1-993/993	===============	0/0	100.00	99.30	vfdb	YP_186826	(hlb) beta-hemolysin [<beta>-hemolysin (VF0002)] [Staphylococcus aureus subsp. aureus COL]		NZ_CP077755.1
NZ_CP077755.1.fna	NZ_CP077755.1	2752265	2754013	+	map	1-1755/1755	========/======	1/6	99.66	94.93	vfdb	CAB94853	(map) extracellular proteins Map [Eap/Map (VF0016)] [Staphylococcus aureus str. Newman D2C (ATCC 25904)]		NZ_CP077755.1
2194665735.fna	NZ_CP080249.1	30856	33174	+	adsA	1-2319/2319	===============	0/0	100.00	96.46	vfdb	NP_644838	(adsA) Adenosine synthase A [AdsA (VF0422)] [Staphylococcus aureus subsp. aureus MW2]		2194665735
2194665735.fna	NZ_CP080249.1	117711	118898	-	spa	1-1188/1479	=============..	0/0	80.32	98.23	vfdb	NP_644899	(spa) Immunoglobulin G binding protein A precursor [SpA (VF0017)] [Staphylococcus aureus subsp. aureus MW2]		2194665735
2194665735.fna	NZ_CP080249.1	162307	162823	+	cap8A	1-516/516	========/======	1/1	100.00	99.81	vfdb	NP_644939	(cap8A) capsular polysaccharide synthesis enzyme  [Capsule (VF0003)] [Staphylococcus aureus subsp. aureus MW2]		2194665735
2194665735.fna	NZ_CP080249.1	162991	163677	+	cap8B	1-687/687	===============	0/0	100.00	98.98	vfdb	NP_644940	(cap8B) capsular polysaccharide synthesis enzyme Cap8B [Capsule (VF0003)] [Staphylococcus aureus subsp. aureus MW2]		2194665735
2194665735.fna	NZ_CP080249.1	163680	164444	+	cap8C	1-765/765	===============	0/0	100.00	99.48	vfdb	NP_644941	(cap8C) capsular polysaccharide synthesis enzyme Cap8C [Capsule (VF0003)] [Staphylococcus aureus subsp. aureus MW2]		2194665735
2194665735.fna	NZ_CP080249.1	164464	166287	+	cap8D	1-1824/1824	===============	0/0	100.00	99.73	vfdb	NP_644942	(cap8D) capsular polysaccharide synthesis enzyme Cap8D [Capsule (VF0003)] [Staphylococcus aureus subsp. aureus MW2]		2194665735
2194665735.fna	NZ_CP080249.1	166277	167305	+	cap8E	1-1029/1029	===============	0/0	100.00	99.22	vfdb	NP_644943	(cap8E) capsular polysaccharide synthesis enzyme Cap8E [Capsule (VF0003)] [Staphylococcus aureus subsp. aureus MW2]		2194665735
2194665735.fna	NZ_CP080249.1	167318	168427	+	cap8F	1-1110/1110	===============	0/0	100.00	99.46	vfdb	NP_644944	(cap8F) capsular polysaccharide synthesis enzyme Cap8F [Capsule (VF0003)] [Staphylococcus aureus subsp. aureus MW2]		2194665735
2194665735.fna	NZ_CP080249.1	168431	169555	+	cap8G	1-1125/1125	===============	0/0	100.00	99.56	vfdb	NP_644945	(cap8G) capsular polysaccharide synthesis enzyme Cap8G [Capsule (VF0003)] [Staphylococcus aureus subsp. aureus MW2]		2194665735
2194665735.fna	NZ_CP080249.1	173677	174882	+	cap8L	1-1206/1206	===============	0/0	100.00	99.50	vfdb	NP_644950	(cap8L) capsular polysaccharide synthesis enzyme Cap8L [Capsule (VF0003)] [Staphylococcus aureus subsp. aureus MW2]		2194665735
2194665735.fna	NZ_CP080249.1	174893	175450	+	cap8M	1-558/558	===============	0/0	100.00	99.64	vfdb	NP_644951	(cap8M) capsular polysaccharide synthesis enzyme Cap8M [Capsule (VF0003)] [Staphylococcus aureus subsp. aureus MW2]		2194665735
2194665735.fna	NZ_CP080249.1	175450	176337	+	cap8N	1-888/888	===============	0/0	100.00	99.44	vfdb	NP_644952	(cap8N) capsular polysaccharide synthesis enzyme Cap8N [Capsule (VF0003)] [Staphylococcus aureus subsp. aureus MW2]		2194665735
2194665735.fna	NZ_CP080249.1	176391	177653	+	cap8O	1-1263/1263	===============	0/0	100.00	99.05	vfdb	NP_644953	(cap8O) capsular polysaccharide synthesis enzyme Cap8O [Capsule (VF0003)] [Staphylococcus aureus subsp. aureus MW2]		2194665735
2194665735.fna	NZ_CP080249.1	177730	178875	+	cap8P	1-1146/1146	===============	0/0	100.00	99.56	vfdb	NP_644954	(cap8P) capsular polysaccharide synthesis enzyme Cap8P [Capsule (VF0003)] [Staphylococcus aureus subsp. aureus MW2]		2194665735
2194665735.fna	NZ_CP080249.1	321902	322195	+	esxA	1-294/294	===============	0/0	100.00	100.00	vfdb	NP_645073	(esxA) type VII secretion system protein secreted protein EsxA [Type VII secretion system (VF0403)] [Staphylococcus aureus subsp. aureus MW2]		2194665735
2194665735.fna	NZ_CP080249.1	322278	325307	+	esaA	1-3030/3030	===============	0/0	100.00	98.91	vfdb	NP_645074	(esaA) type VII secretion system protein EsaA [Type VII secretion system (VF0403)] [Staphylococcus aureus subsp. aureus MW2]		2194665735
2194665735.fna	NZ_CP080249.1	325307	325765	+	essA	1-459/459	===============	0/0	100.00	98.26	vfdb	NP_645075	(essA) type VII secretion system protein EssA monotopic membrane protein [Type VII secretion system (VF0403)] [Staphylococcus aureus subsp. aureus MW2]		2194665735
2194665735.fna	NZ_CP080249.1	325737	325979	+	esaB	1-243/243	===============	0/0	100.00	99.59	vfdb	NP_645076	(esaB) type VII secretion system protein EsaB [Type VII secretion system (VF0403)] [Staphylococcus aureus subsp. aureus MW2]		2194665735
2194665735.fna	NZ_CP080249.1	325992	327326	+	essB	1-1335/1335	===============	0/0	100.00	99.03	vfdb	NP_645078	(essB) type VII secretion system protein EssB monotopic membrane protein [Type VII secretion system (VF0403)] [Staphylococcus aureus subsp. aureus MW2]		2194665735
2194665735.fna	NZ_CP080249.1	327348	331787	+	essC	1-4440/4440	===============	0/0	100.00	98.51	vfdb	NP_645079	(essC) type VII secretion system protein EssC FtsK/SpoIIIE family ATPase [Type VII secretion system (VF0403)] [Staphylococcus aureus subsp. aureus MW2]		2194665735
2194665735.fna	NZ_CP080249.1	331817	332209	+	esaC	1-393/393	===============	0/0	100.00	97.71	vfdb	NP_645081	(esaC) type VII secretion system protein secreted protein EsxC [Type VII secretion system (VF0403)] [Staphylococcus aureus subsp. aureus MW2]		2194665735
2194665735.fna	NZ_CP080249.1	332225	332539	+	esxB	1-315/315	===============	0/0	100.00	97.46	vfdb	NP_645082	(esxB) type VII secretion system protein secreted protein EsxB [Type VII secretion system (VF0403)] [Staphylococcus aureus subsp. aureus MW2]		2194665735
2194665735.fna	NZ_CP080249.1	360287	362362	+	geh	1-2073/2073	========/======	1/3	100.00	99.13	vfdb	NP_645114	(geh) glycerol ester hydrolase [Lipase (VF0012)] [Staphylococcus aureus subsp. aureus MW2]		2194665735
2194665735.fna	NZ_CP080249.1	603586	606471	+	sdrC	1-2868/2868	========/======	5/46	99.51	93.10	vfdb	NP_645333	(sdrC) Ser-Asp rich fibrinogen-binding bone sialoprotein-binding protein [SDr (VF0019)] [Staphylococcus aureus subsp. aureus MW2]		2194665735
2194665735.fna	NZ_CP080249.1	606838	610722	+	sdrD	1-3855/4044	========/======	6/38	95.23	92.80	vfdb	NP_645334	(sdrD) Ser-Asp rich fibrinogen-binding bone sialoprotein-binding protein [SDr (VF0019)] [Staphylococcus aureus subsp. aureus MW2]		2194665735
2194665735.fna	NZ_CP080249.1	611389	614742	+	sdrE	1-3426/3426	========/======	4/72	97.90	95.10	vfdb	NP_645335	(sdrE) Ser-Asp rich fibrinogen-binding bone sialoprotein-binding protein [SDr (VF0019)] [Staphylococcus aureus subsp. aureus MW2]		2194665735
2194665735.fna	NZ_CP080249.1	844981	847878	+	clfA	1-2841/2841	========/======	5/61	99.93	90.17	vfdb	NP_645581	(clfA) Clumping factor A fibrinogen-binding protein [Clumping factor (VF0004)] [Staphylococcus aureus subsp. aureus MW2]		2194665735
2194665735.fna	NZ_CP080249.1	1066638	1066967	-	sspC	1-330/330	===============	0/0	100.00	99.70	vfdb	NP_645747	(sspC) Staphostatin B [Staphopain (VF0006)] [Staphylococcus aureus subsp. aureus MW2]		2194665735
2194665735.fna	NZ_CP080249.1	1067005	1068186	-	sspB	1-1182/1182	===============	0/0	100.00	99.83	vfdb	NP_645748	(sspB) staphopain cysteine proteinase SspB [Staphopain (VF0006)] [Staphylococcus aureus subsp. aureus MW2]		2194665735
2194665735.fna	NZ_CP080249.1	1068371	1069314	-	sspA	1-944/984	===============	0/0	95.93	98.52	vfdb	NP_645749	(sspA) serine protease; V8 protease; glutamyl endopeptidase [V8 protease (VF0023)] [Staphylococcus aureus subsp. aureus MW2]		2194665735
2194665735.fna	NZ_CP080249.1	1197018	1198955	-	isdB	1-1938/1938	===============	0/0	100.00	98.97	vfdb	YP_001332074	(isdB) iron-regulated surface determinant protein B haemoglobin receptor [Isd (VF0015)] [Staphylococcus aureus subsp. aureus str. Newman]		2194665735
2194665735.fna	NZ_CP080249.1	1199158	1200210	-	isdA	1-1053/1053	===============	0/0	100.00	100.00	vfdb	YP_001332075	(isdA) iron-regulated surface determinant protein A [Isd (VF0015)] [Staphylococcus aureus subsp. aureus str. Newman]		2194665735
2194665735.fna	NZ_CP080249.1	1200419	1201102	+	isdC	1-684/684	===============	0/0	100.00	100.00	vfdb	YP_001332076	(isdC) iron-regulated surface determinant protein C [Isd (VF0015)] [Staphylococcus aureus subsp. aureus str. Newman]		2194665735
2194665735.fna	NZ_CP080249.1	1201102	1202178	+	isdD	1-1077/1077	===============	0/0	100.00	99.72	vfdb	NP_645831	(isdD) iron-regulated surface determinant protein D [Isd (VF0015)] [Staphylococcus aureus subsp. aureus MW2]		2194665735
2194665735.fna	NZ_CP080249.1	1202175	1203053	+	isdE	1-879/879	===============	0/0	100.00	100.00	vfdb	YP_001332078	(isdE) iron-regulated surface determinant protein E [Isd (VF0015)] [Staphylococcus aureus subsp. aureus str. Newman]		2194665735
2194665735.fna	NZ_CP080249.1	1203066	1204031	+	isdF	1-966/966	===============	0/0	100.00	99.69	vfdb	NP_645833	(isdF) iron-regulated surface determinant protein F ATP-binding-cassette-type transmembrane transporter [Isd (VF0015)] [Staphylococcus aureus subsp. aureus MW2]		2194665735
2194665735.fna	NZ_CP080249.1	1204093	1204827	+	srtB	1-735/735	===============	0/0	100.00	99.59	vfdb	NP_645834	(srtB) NPQTN specific sortase B [Isd (VF0015)] [Staphylococcus aureus subsp. aureus MW2]		2194665735
2194665735.fna	NZ_CP080249.1	1204846	1205169	+	isdG	1-324/324	===============	0/0	100.00	99.69	vfdb	YP_001332081	(isdG) iron-regulated surface determinant protein G [Isd (VF0015)] [Staphylococcus aureus subsp. aureus str. Newman]		2194665735
2194665735.fna	NZ_CP080249.1	1232978	1233937	-	hly/hla	1-960/960	===============	0/0	100.00	99.79	vfdb	NP_645861	(hly/hla) Alpha-Hemolysin precursor [<alpha>-hemolysin (VF0001)] [Staphylococcus aureus subsp. aureus MW2]		2194665735
2194665735.fna	NZ_CP080249.1	1631083	1632543	-	ebp	1-1461/1461	===============	0/0	100.00	99.80	vfdb	NP_646186	(ebp) cell surface elastin binding protein [EbpS (VF0008)] [Staphylococcus aureus subsp. aureus MW2]		2194665735
2194665735.fna	NZ_CP080249.1	1982935	1983903	-	lukF-PV	1-969/978	========/======	2/2	98.98	82.37	vfdb	NP_646195	(lukF-PV) Panton-Valentine leukocidin chain F precursor [PVL (VF0018)] [Staphylococcus aureus subsp. aureus MW2]		2194665735
2194665735.fna	NZ_CP080249.1	2139513	2140934	-	map	1-1428/1755	========/====..	5/10	80.91	89.44	vfdb	CAB94853	(map) extracellular proteins Map [Eap/Map (VF0016)] [Staphylococcus aureus str. Newman D2C (ATCC 25904)]		2194665735
2194665735.fna	NZ_CP080249.1	2188144	2188967	+	hlb	170-993/993	..=============	0/0	82.98	99.27	vfdb	YP_186826	(hlb) beta-hemolysin [<beta>-hemolysin (VF0002)] [Staphylococcus aureus subsp. aureus COL]		2194665735
2194665735.fna	NZ_CP080249.1	2201925	2202059	-	hld	1-135/135	===============	0/0	100.00	99.26	vfdb	NP_646776	(hld) delta-hemolysin [<delta>-hemolysin (VF0007)] [Staphylococcus aureus subsp. aureus MW2]		2194665735
2194665735.fna	NZ_CP080249.1	2391045	2393465	+	hysA	1-2418/2448	========/======	3/5	98.73	94.67	vfdb	NP_646946	(hysA) hyaluronate lyase precursor [Hyaluronate lyase (VF0013)] [Staphylococcus aureus subsp. aureus MW2]		2194665735
2194665735.fna	NZ_CP080249.1	2609473	2610783	+	sbi	1-1314/1314	========/======	1/3	99.77	98.17	vfdb	NP_647158	(sbi) IgG-binding protein SBI [Sbi (VF0423)] [Staphylococcus aureus subsp. aureus MW2]		2194665735
2194665735.fna	NZ_CP080249.1	2611319	2612248	+	hlgA	1-930/930	===============	0/0	100.00	99.78	vfdb	NP_647159	(hlgA) gamma-hemolysin chain II precursor [<gamma>-hemolysin (VF0011)] [Staphylococcus aureus subsp. aureus MW2]		2194665735
2194665735.fna	NZ_CP080249.1	2612815	2613762	+	hlgC	1-948/948	===============	0/0	100.00	99.47	vfdb	NP_647160	(hlgC) gamma-hemolysin component C [<gamma>-hemolysin (VF0011)] [Staphylococcus aureus subsp. aureus MW2]		2194665735
2194665735.fna	NZ_CP080249.1	2613764	2614741	+	hlgB	1-978/978	===============	0/0	100.00	99.80	vfdb	NP_647161	(hlgB) gamma-hemolysin component B [<gamma>-hemolysin (VF0011)] [Staphylococcus aureus subsp. aureus MW2]		2194665735
2194665735.fna	NZ_CP080249.1	2699840	2702725	-	fnbB	1-2832/2832	========/======	24/98	99.22	85.87	vfdb	NP_647237	(fnbB) fibronectin-binding protein B [FnBPs (VF0010)] [Staphylococcus aureus subsp. aureus MW2]		2194665735
2194665735.fna	NZ_CP080249.1	2703723	2706522	-	fnbA	1-2815/3048	========/=====.	4/23	91.73	95.92	vfdb	NP_647238	(fnbA) fibronectin-binding protein A [FnBPs (VF0010)] [Staphylococcus aureus subsp. aureus MW2]		2194665735
2194665735.fna	NZ_CP080249.1	2842970	2845561	-	clfB	1-2724/2724	========/======	8/138	95.04	90.06	vfdb	NP_647368	(clfB) Clumping factor B adhesin [Clumping factor (VF0004)] [Staphylococcus aureus subsp. aureus MW2]		2194665735
2194665735.fna	NZ_CP080249.1	2852634	2854163	-	aur	1-1530/1530	===============	0/0	100.00	99.67	vfdb	NP_647375	(aur) zinc metalloproteinase aureolysin [Aureolysin (VF0024)] [Staphylococcus aureus subsp. aureus MW2]		2194665735
2194665735.fna	NZ_CP080249.1	2894376	2894936	-	icaR	1-561/561	===============	0/0	100.00	99.82	vfdb	NP_647402	(icaR) ica operon transcriptional regulator IcaR [Intercellular adhesion proteins (VF0014)] [Staphylococcus aureus subsp. aureus MW2]		2194665735
2194665735.fna	NZ_CP080249.1	2895100	2896338	+	icaA	1-1239/1239	===============	0/0	100.00	99.84	vfdb	NP_647403	(icaA) N-acetylglucosaminyltransferase involved in polysaccharide intercellular adhesin(PIA) synthesis [Intercellular adhesion proteins (VF0014)] [Staphylococcus aureus subsp. aureus MW2]		2194665735
2194665735.fna	NZ_CP080249.1	2896302	2896607	+	icaD	1-306/306	===============	0/0	100.00	99.67	vfdb	NP_647404	(icaD) intercellular adhesion protein D involved in polysaccharide intercellular adhesin(PIA) synthesis [Intercellular adhesion proteins (VF0014)] [Staphylococcus aureus subsp. aureus MW2]		2194665735
2194665735.fna	NZ_CP080249.1	2896604	2897476	+	icaB	1-873/873	===============	0/0	100.00	99.89	vfdb	NP_647405	(icaB) N-deacetylase involved in polysaccharide intercellular adhesin(PIA) synthesis [Intercellular adhesion proteins (VF0014)] [Staphylococcus aureus subsp. aureus MW2]		2194665735
2194665735.fna	NZ_CP080249.1	2897463	2898515	+	icaC	1-1053/1053	===============	0/0	100.00	99.24	vfdb	NP_647406	(icaC) intercellular adhesion protein C involved in polysaccharide intercellular adhesin(PIA) synthesis [Intercellular adhesion proteins (VF0014)] [Staphylococcus aureus subsp. aureus MW2]		2194665735
2194665735.fna	NZ_CP080249.1	2898850	2900895	-	lip	1-2046/2046	===============	0/0	100.00	98.97	vfdb	NP_647407	(lip) triacylglycerol lipase precursor [Lipase (CVF091)] [Staphylococcus aureus subsp. aureus MW2]		2194665735
2212172067.fna	NZ_CP092567.1	30490	32808	+	adsA	1-2319/2319	===============	0/0	100.00	96.46	vfdb	NP_644838	(adsA) Adenosine synthase A [AdsA (VF0422)] [Staphylococcus aureus subsp. aureus MW2]		2212172067
2212172067.fna	NZ_CP092567.1	95451	96977	-	spa	1-1479/1479	========/======	1/48	100.00	95.35	vfdb	NP_644899	(spa) Immunoglobulin G binding protein A precursor [SpA (VF0017)] [Staphylococcus aureus subsp. aureus MW2]		2212172067
2212172067.fna	NZ_CP092567.1	140385	140901	+	cap8A	1-516/516	========/======	1/1	100.00	99.81	vfdb	NP_644939	(cap8A) capsular polysaccharide synthesis enzyme  [Capsule (VF0003)] [Staphylococcus aureus subsp. aureus MW2]		2212172067
2212172067.fna	NZ_CP092567.1	141069	141755	+	cap8B	1-687/687	===============	0/0	100.00	98.98	vfdb	NP_644940	(cap8B) capsular polysaccharide synthesis enzyme Cap8B [Capsule (VF0003)] [Staphylococcus aureus subsp. aureus MW2]		2212172067
2212172067.fna	NZ_CP092567.1	141758	142522	+	cap8C	1-765/765	===============	0/0	100.00	99.74	vfdb	NP_644941	(cap8C) capsular polysaccharide synthesis enzyme Cap8C [Capsule (VF0003)] [Staphylococcus aureus subsp. aureus MW2]		2212172067
2212172067.fna	NZ_CP092567.1	142542	144365	+	cap8D	1-1824/1824	===============	0/0	100.00	99.73	vfdb	NP_644942	(cap8D) capsular polysaccharide synthesis enzyme Cap8D [Capsule (VF0003)] [Staphylococcus aureus subsp. aureus MW2]		2212172067
2212172067.fna	NZ_CP092567.1	144355	145383	+	cap8E	1-1029/1029	===============	0/0	100.00	99.22	vfdb	NP_644943	(cap8E) capsular polysaccharide synthesis enzyme Cap8E [Capsule (VF0003)] [Staphylococcus aureus subsp. aureus MW2]		2212172067
2212172067.fna	NZ_CP092567.1	145396	146505	+	cap8F	1-1110/1110	===============	0/0	100.00	99.46	vfdb	NP_644944	(cap8F) capsular polysaccharide synthesis enzyme Cap8F [Capsule (VF0003)] [Staphylococcus aureus subsp. aureus MW2]		2212172067
2212172067.fna	NZ_CP092567.1	146509	147633	+	cap8G	1-1125/1125	===============	0/0	100.00	99.56	vfdb	NP_644945	(cap8G) capsular polysaccharide synthesis enzyme Cap8G [Capsule (VF0003)] [Staphylococcus aureus subsp. aureus MW2]		2212172067
2212172067.fna	NZ_CP092567.1	151755	152960	+	cap8L	1-1206/1206	===============	0/0	100.00	99.50	vfdb	NP_644950	(cap8L) capsular polysaccharide synthesis enzyme Cap8L [Capsule (VF0003)] [Staphylococcus aureus subsp. aureus MW2]		2212172067
2212172067.fna	NZ_CP092567.1	152971	153528	+	cap8M	1-558/558	===============	0/0	100.00	99.64	vfdb	NP_644951	(cap8M) capsular polysaccharide synthesis enzyme Cap8M [Capsule (VF0003)] [Staphylococcus aureus subsp. aureus MW2]		2212172067
2212172067.fna	NZ_CP092567.1	153528	154415	+	cap8N	1-888/888	===============	0/0	100.00	99.44	vfdb	NP_644952	(cap8N) capsular polysaccharide synthesis enzyme Cap8N [Capsule (VF0003)] [Staphylococcus aureus subsp. aureus MW2]		2212172067
2212172067.fna	NZ_CP092567.1	154469	155731	+	cap8O	1-1263/1263	===============	0/0	100.00	99.05	vfdb	NP_644953	(cap8O) capsular polysaccharide synthesis enzyme Cap8O [Capsule (VF0003)] [Staphylococcus aureus subsp. aureus MW2]		2212172067
2212172067.fna	NZ_CP092567.1	155808	156953	+	cap8P	1-1146/1146	===============	0/0	100.00	99.56	vfdb	NP_644954	(cap8P) capsular polysaccharide synthesis enzyme Cap8P [Capsule (VF0003)] [Staphylococcus aureus subsp. aureus MW2]		2212172067
2212172067.fna	NZ_CP092567.1	299980	300273	+	esxA	1-294/294	===============	0/0	100.00	100.00	vfdb	NP_645073	(esxA) type VII secretion system protein secreted protein EsxA [Type VII secretion system (VF0403)] [Staphylococcus aureus subsp. aureus MW2]		2212172067
2212172067.fna	NZ_CP092567.1	300356	303385	+	esaA	1-3030/3030	===============	0/0	100.00	98.91	vfdb	NP_645074	(esaA) type VII secretion system protein EsaA [Type VII secretion system (VF0403)] [Staphylococcus aureus subsp. aureus MW2]		2212172067
2212172067.fna	NZ_CP092567.1	303385	303843	+	essA	1-459/459	===============	0/0	100.00	98.26	vfdb	NP_645075	(essA) type VII secretion system protein EssA monotopic membrane protein [Type VII secretion system (VF0403)] [Staphylococcus aureus subsp. aureus MW2]		2212172067
2212172067.fna	NZ_CP092567.1	303815	304057	+	esaB	1-243/243	===============	0/0	100.00	99.59	vfdb	NP_645076	(esaB) type VII secretion system protein EsaB [Type VII secretion system (VF0403)] [Staphylococcus aureus subsp. aureus MW2]		2212172067
2212172067.fna	NZ_CP092567.1	304070	305404	+	essB	1-1335/1335	===============	0/0	100.00	99.03	vfdb	NP_645078	(essB) type VII secretion system protein EssB monotopic membrane protein [Type VII secretion system (VF0403)] [Staphylococcus aureus subsp. aureus MW2]		2212172067
2212172067.fna	NZ_CP092567.1	305426	309865	+	essC	1-4440/4440	===============	0/0	100.00	98.51	vfdb	NP_645079	(essC) type VII secretion system protein EssC FtsK/SpoIIIE family ATPase [Type VII secretion system (VF0403)] [Staphylococcus aureus subsp. aureus MW2]		2212172067
2212172067.fna	NZ_CP092567.1	309895	310287	+	esaC	1-393/393	===============	0/0	100.00	97.71	vfdb	NP_645081	(esaC) type VII secretion system protein secreted protein EsxC [Type VII secretion system (VF0403)] [Staphylococcus aureus subsp. aureus MW2]		2212172067
2212172067.fna	NZ_CP092567.1	310303	310617	+	esxB	1-315/315	===============	0/0	100.00	97.46	vfdb	NP_645082	(esxB) type VII secretion system protein secreted protein EsxB [Type VII secretion system (VF0403)] [Staphylococcus aureus subsp. aureus MW2]		2212172067
2212172067.fna	NZ_CP092567.1	334724	336799	+	geh	1-2073/2073	========/======	1/3	100.00	99.13	vfdb	NP_645114	(geh) glycerol ester hydrolase [Lipase (VF0012)] [Staphylococcus aureus subsp. aureus MW2]		2212172067
2212172067.fna	NZ_CP092567.1	579260	582109	+	sdrC	1-2868/2868	========/======	5/22	99.30	93.83	vfdb	NP_645333	(sdrC) Ser-Asp rich fibrinogen-binding bone sialoprotein-binding protein [SDr (VF0019)] [Staphylococcus aureus subsp. aureus MW2]		2212172067
2212172067.fna	NZ_CP092567.1	582476	586324	+	sdrD	1-3855/4044	========/======	5/14	95.08	93.13	vfdb	NP_645334	(sdrD) Ser-Asp rich fibrinogen-binding bone sialoprotein-binding protein [SDr (VF0019)] [Staphylococcus aureus subsp. aureus MW2]		2212172067
2212172067.fna	NZ_CP092567.1	586991	590452	+	sdrE	1-3426/3426	========/======	3/72	99.47	95.03	vfdb	NP_645335	(sdrE) Ser-Asp rich fibrinogen-binding bone sialoprotein-binding protein [SDr (VF0019)] [Staphylococcus aureus subsp. aureus MW2]		2212172067
2212172067.fna	NZ_CP092567.1	837965	840898	+	clfA	1-2841/2841	========/======	7/97	99.93	89.07	vfdb	NP_645581	(clfA) Clumping factor A fibrinogen-binding protein [Clumping factor (VF0004)] [Staphylococcus aureus subsp. aureus MW2]		2212172067
2212172067.fna	NZ_CP092567.1	1006045	1006374	-	sspC	1-330/330	===============	0/0	100.00	99.70	vfdb	NP_645747	(sspC) Staphostatin B [Staphopain (VF0006)] [Staphylococcus aureus subsp. aureus MW2]		2212172067
2212172067.fna	NZ_CP092567.1	1006412	1007593	-	sspB	1-1182/1182	===============	0/0	100.00	99.83	vfdb	NP_645748	(sspB) staphopain cysteine proteinase SspB [Staphopain (VF0006)] [Staphylococcus aureus subsp. aureus MW2]		2212172067
2212172067.fna	NZ_CP092567.1	1007675	1008703	-	sspA	1-984/984	========/======	1/45	100.00	94.85	vfdb	NP_645749	(sspA) serine protease; V8 protease; glutamyl endopeptidase [V8 protease (VF0023)] [Staphylococcus aureus subsp. aureus MW2]		2212172067
2212172067.fna	NZ_CP092567.1	1090683	1092611	-	isdB	1-1938/1938	========/======	1/9	99.54	98.45	vfdb	YP_001332074	(isdB) iron-regulated surface determinant protein B haemoglobin receptor [Isd (VF0015)] [Staphylococcus aureus subsp. aureus str. Newman]		2212172067
2212172067.fna	NZ_CP092567.1	1092814	1093866	-	isdA	1-1053/1053	===============	0/0	100.00	99.91	vfdb	YP_001332075	(isdA) iron-regulated surface determinant protein A [Isd (VF0015)] [Staphylococcus aureus subsp. aureus str. Newman]		2212172067
2212172067.fna	NZ_CP092567.1	1094075	1094758	+	isdC	1-684/684	===============	0/0	100.00	100.00	vfdb	YP_001332076	(isdC) iron-regulated surface determinant protein C [Isd (VF0015)] [Staphylococcus aureus subsp. aureus str. Newman]		2212172067
2212172067.fna	NZ_CP092567.1	1094758	1095834	+	isdD	1-1077/1077	===============	0/0	100.00	99.72	vfdb	NP_645831	(isdD) iron-regulated surface determinant protein D [Isd (VF0015)] [Staphylococcus aureus subsp. aureus MW2]		2212172067
2212172067.fna	NZ_CP092567.1	1095831	1096709	+	isdE	1-879/879	===============	0/0	100.00	100.00	vfdb	YP_001332078	(isdE) iron-regulated surface determinant protein E [Isd (VF0015)] [Staphylococcus aureus subsp. aureus str. Newman]		2212172067
2212172067.fna	NZ_CP092567.1	1096722	1097687	+	isdF	1-966/966	===============	0/0	100.00	99.69	vfdb	NP_645833	(isdF) iron-regulated surface determinant protein F ATP-binding-cassette-type transmembrane transporter [Isd (VF0015)] [Staphylococcus aureus subsp. aureus MW2]		2212172067
2212172067.fna	NZ_CP092567.1	1097749	1098483	+	srtB	1-735/735	===============	0/0	100.00	99.59	vfdb	NP_645834	(srtB) NPQTN specific sortase B [Isd (VF0015)] [Staphylococcus aureus subsp. aureus MW2]		2212172067
2212172067.fna	NZ_CP092567.1	1098502	1098825	+	isdG	1-324/324	===============	0/0	100.00	99.69	vfdb	YP_001332081	(isdG) iron-regulated surface determinant protein G [Isd (VF0015)] [Staphylococcus aureus subsp. aureus str. Newman]		2212172067
2212172067.fna	NZ_CP092567.1	1126463	1127422	-	hly/hla	1-960/960	===============	0/0	100.00	99.79	vfdb	NP_645861	(hly/hla) Alpha-Hemolysin precursor [<alpha>-hemolysin (VF0001)] [Staphylococcus aureus subsp. aureus MW2]		2212172067
2212172067.fna	NZ_CP092567.1	1504896	1506356	-	ebp	1-1461/1461	===============	0/0	100.00	99.80	vfdb	NP_646186	(ebp) cell surface elastin binding protein [EbpS (VF0008)] [Staphylococcus aureus subsp. aureus MW2]		2212172067
2212172067.fna	NZ_CP092567.1	1892503	1893471	-	lukF-PV	1-969/978	========/======	2/2	98.98	82.37	vfdb	NP_646195	(lukF-PV) Panton-Valentine leukocidin chain F precursor [PVL (VF0018)] [Staphylococcus aureus subsp. aureus MW2]		2212172067
2212172067.fna	NZ_CP092567.1	2070060	2071481	-	map	1-1428/1755	========/====..	5/10	80.91	89.37	vfdb	CAB94853	(map) extracellular proteins Map [Eap/Map (VF0016)] [Staphylococcus aureus str. Newman D2C (ATCC 25904)]		2212172067
2212172067.fna	NZ_CP092567.1	2071870	2072862	+	hlb	1-993/993	===============	0/0	100.00	99.19	vfdb	YP_186826	(hlb) beta-hemolysin [<beta>-hemolysin (VF0002)] [Staphylococcus aureus subsp. aureus COL]		2212172067
2212172067.fna	NZ_CP092567.1	2102381	2102515	-	hld	1-135/135	===============	0/0	100.00	99.26	vfdb	NP_646776	(hld) delta-hemolysin [<delta>-hemolysin (VF0007)] [Staphylococcus aureus subsp. aureus MW2]		2212172067
2212172067.fna	NZ_CP092567.1	2291623	2294043	+	hysA	1-2418/2448	========/======	3/5	98.73	94.67	vfdb	NP_646946	(hysA) hyaluronate lyase precursor [Hyaluronate lyase (VF0013)] [Staphylococcus aureus subsp. aureus MW2]		2212172067
2212172067.fna	NZ_CP092567.1	2494308	2495618	+	sbi	1-1314/1314	========/======	1/3	99.77	98.17	vfdb	NP_647158	(sbi) IgG-binding protein SBI [Sbi (VF0423)] [Staphylococcus aureus subsp. aureus MW2]		2212172067
2212172067.fna	NZ_CP092567.1	2496154	2497083	+	hlgA	1-930/930	===============	0/0	100.00	99.68	vfdb	NP_647159	(hlgA) gamma-hemolysin chain II precursor [<gamma>-hemolysin (VF0011)] [Staphylococcus aureus subsp. aureus MW2]		2212172067
2212172067.fna	NZ_CP092567.1	2497652	2498599	+	hlgC	1-948/948	===============	0/0	100.00	99.47	vfdb	NP_647160	(hlgC) gamma-hemolysin component C [<gamma>-hemolysin (VF0011)] [Staphylococcus aureus subsp. aureus MW2]		2212172067
2212172067.fna	NZ_CP092567.1	2498601	2499578	+	hlgB	1-978/978	===============	0/0	100.00	99.80	vfdb	NP_647161	(hlgB) gamma-hemolysin component B [<gamma>-hemolysin (VF0011)] [Staphylococcus aureus subsp. aureus MW2]		2212172067
2212172067.fna	NZ_CP092567.1	2583907	2586792	-	fnbB	1-2832/2832	========/======	24/98	99.22	85.87	vfdb	NP_647237	(fnbB) fibronectin-binding protein B [FnBPs (VF0010)] [Staphylococcus aureus subsp. aureus MW2]		2212172067
2212172067.fna	NZ_CP092567.1	2587790	2590589	-	fnbA	1-2815/3048	========/=====.	4/23	91.73	95.96	vfdb	NP_647238	(fnbA) fibronectin-binding protein A [FnBPs (VF0010)] [Staphylococcus aureus subsp. aureus MW2]		2212172067
2212172067.fna	NZ_CP092567.1	2763480	2766113	-	clfB	1-2724/2724	========/======	7/96	96.59	90.87	vfdb	NP_647368	(clfB) Clumping factor B adhesin [Clumping factor (VF0004)] [Staphylococcus aureus subsp. aureus MW2]		2212172067
2212172067.fna	NZ_CP092567.1	2773186	2774715	-	aur	1-1530/1530	===============	0/0	100.00	99.67	vfdb	NP_647375	(aur) zinc metalloproteinase aureolysin [Aureolysin (VF0024)] [Staphylococcus aureus subsp. aureus MW2]		2212172067
2212172067.fna	NZ_CP092567.1	2814861	2815421	-	icaR	1-561/561	===============	0/0	100.00	99.82	vfdb	NP_647402	(icaR) ica operon transcriptional regulator IcaR [Intercellular adhesion proteins (VF0014)] [Staphylococcus aureus subsp. aureus MW2]		2212172067
2212172067.fna	NZ_CP092567.1	2815585	2816823	+	icaA	1-1239/1239	===============	0/0	100.00	99.84	vfdb	NP_647403	(icaA) N-acetylglucosaminyltransferase involved in polysaccharide intercellular adhesin(PIA) synthesis [Intercellular adhesion proteins (VF0014)] [Staphylococcus aureus subsp. aureus MW2]		2212172067
2212172067.fna	NZ_CP092567.1	2816787	2817092	+	icaD	1-306/306	===============	0/0	100.00	99.67	vfdb	NP_647404	(icaD) intercellular adhesion protein D involved in polysaccharide intercellular adhesin(PIA) synthesis [Intercellular adhesion proteins (VF0014)] [Staphylococcus aureus subsp. aureus MW2]		2212172067
2212172067.fna	NZ_CP092567.1	2817089	2817961	+	icaB	1-873/873	===============	0/0	100.00	99.89	vfdb	NP_647405	(icaB) N-deacetylase involved in polysaccharide intercellular adhesin(PIA) synthesis [Intercellular adhesion proteins (VF0014)] [Staphylococcus aureus subsp. aureus MW2]		2212172067
2212172067.fna	NZ_CP092567.1	2817948	2819000	+	icaC	1-1053/1053	===============	0/0	100.00	99.33	vfdb	NP_647406	(icaC) intercellular adhesion protein C involved in polysaccharide intercellular adhesin(PIA) synthesis [Intercellular adhesion proteins (VF0014)] [Staphylococcus aureus subsp. aureus MW2]		2212172067
2212172067.fna	NZ_CP092567.1	2819335	2821380	-	lip	1-2046/2046	===============	0/0	100.00	98.97	vfdb	NP_647407	(lip) triacylglycerol lipase precursor [Lipase (CVF091)] [Staphylococcus aureus subsp. aureus MW2]		2212172067
2064751942.fna	NZ_CP077757.1	423759	425219	+	ebp	1-1461/1461	===============	0/0	100.00	99.80	vfdb	NP_646186	(ebp) cell surface elastin binding protein [EbpS (VF0008)] [Staphylococcus aureus subsp. aureus MW2]		2064751942
2064751942.fna	NZ_CP077757.1	813673	814632	+	hly/hla	1-960/960	===============	0/0	100.00	99.69	vfdb	NP_645861	(hly/hla) Alpha-Hemolysin precursor [<alpha>-hemolysin (VF0001)] [Staphylococcus aureus subsp. aureus MW2]		2064751942
2064751942.fna	NZ_CP077757.1	843308	843631	-	isdG	1-324/324	===============	0/0	100.00	99.38	vfdb	YP_001332081	(isdG) iron-regulated surface determinant protein G [Isd (VF0015)] [Staphylococcus aureus subsp. aureus str. Newman]		2064751942
2064751942.fna	NZ_CP077757.1	843650	844384	-	srtB	1-735/735	===============	0/0	100.00	99.73	vfdb	NP_645834	(srtB) NPQTN specific sortase B [Isd (VF0015)] [Staphylococcus aureus subsp. aureus MW2]		2064751942
2064751942.fna	NZ_CP077757.1	844446	845411	-	isdF	1-966/966	===============	0/0	100.00	99.90	vfdb	NP_645833	(isdF) iron-regulated surface determinant protein F ATP-binding-cassette-type transmembrane transporter [Isd (VF0015)] [Staphylococcus aureus subsp. aureus MW2]		2064751942
2064751942.fna	NZ_CP077757.1	845424	846302	-	isdE	1-879/879	===============	0/0	100.00	99.43	vfdb	YP_001332078	(isdE) iron-regulated surface determinant protein E [Isd (VF0015)] [Staphylococcus aureus subsp. aureus str. Newman]		2064751942
2064751942.fna	NZ_CP077757.1	846299	847375	-	isdD	1-1077/1077	===============	0/0	100.00	99.81	vfdb	NP_645831	(isdD) iron-regulated surface determinant protein D [Isd (VF0015)] [Staphylococcus aureus subsp. aureus MW2]		2064751942
2064751942.fna	NZ_CP077757.1	847375	848058	-	isdC	1-684/684	===============	0/0	100.00	99.56	vfdb	YP_001332076	(isdC) iron-regulated surface determinant protein C [Isd (VF0015)] [Staphylococcus aureus subsp. aureus str. Newman]		2064751942
2064751942.fna	NZ_CP077757.1	848267	849319	+	isdA	1-1053/1053	===============	0/0	100.00	99.72	vfdb	YP_001332075	(isdA) iron-regulated surface determinant protein A [Isd (VF0015)] [Staphylococcus aureus subsp. aureus str. Newman]		2064751942
2064751942.fna	NZ_CP077757.1	849522	851447	+	isdB	1-1938/1938	========/======	2/12	99.38	98.09	vfdb	YP_001332074	(isdB) iron-regulated surface determinant protein B haemoglobin receptor [Isd (VF0015)] [Staphylococcus aureus subsp. aureus str. Newman]		2064751942
2064751942.fna	NZ_CP077757.1	933321	934331	+	sspA	1-984/984	========/======	1/27	100.00	96.74	vfdb	NP_645749	(sspA) serine protease; V8 protease; glutamyl endopeptidase [V8 protease (VF0023)] [Staphylococcus aureus subsp. aureus MW2]		2064751942
2064751942.fna	NZ_CP077757.1	934413	935594	+	sspB	1-1182/1182	===============	0/0	100.00	100.00	vfdb	NP_645748	(sspB) staphopain cysteine proteinase SspB [Staphopain (VF0006)] [Staphylococcus aureus subsp. aureus MW2]		2064751942
2064751942.fna	NZ_CP077757.1	935632	935961	+	sspC	1-330/330	===============	0/0	100.00	100.00	vfdb	NP_645747	(sspC) Staphostatin B [Staphopain (VF0006)] [Staphylococcus aureus subsp. aureus MW2]		2064751942
2064751942.fna	NZ_CP077757.1	1104394	1105926	-	vWbp	1-1527/1527	========/======	10/18	99.61	82.91	vfdb	YP_001331791	(vWbp) secreted von Willebrand factor-binding protein precursor [vWbp (VF0420)] [Staphylococcus aureus subsp. aureus str. Newman]		2064751942
2064751942.fna	NZ_CP077757.1	1106147	1108948	-	clfA	1-2841/2841	========/======	3/45	98.52	94.02	vfdb	NP_645581	(clfA) Clumping factor A fibrinogen-binding protein [Clumping factor (VF0004)] [Staphylococcus aureus subsp. aureus MW2]		2064751942
2064751942.fna	NZ_CP077757.1	1345303	1348668	-	sdrE	1-3426/3426	========/======	4/60	98.25	94.48	vfdb	NP_645335	(sdrE) Ser-Asp rich fibrinogen-binding bone sialoprotein-binding protein [SDr (VF0019)] [Staphylococcus aureus subsp. aureus MW2]		2064751942
2064751942.fna	NZ_CP077757.1	1349336	1353208	-	sdrD	1-3855/4044	========/======	11/36	95.10	94.75	vfdb	NP_645334	(sdrD) Ser-Asp rich fibrinogen-binding bone sialoprotein-binding protein [SDr (VF0019)] [Staphylococcus aureus subsp. aureus MW2]		2064751942
2064751942.fna	NZ_CP077757.1	1353850	1356544	-	sdrC	1-2689/2868	========/======	4/22	93.48	93.53	vfdb	NP_645333	(sdrC) Ser-Asp rich fibrinogen-binding bone sialoprotein-binding protein [SDr (VF0019)] [Staphylococcus aureus subsp. aureus MW2]		2064751942
2064751942.fna	NZ_CP077757.1	1612666	1614738	-	geh	1-2073/2073	===============	0/0	100.00	99.66	vfdb	NP_645114	(geh) glycerol ester hydrolase [Lipase (VF0012)] [Staphylococcus aureus subsp. aureus MW2]		2064751942
2064751942.fna	NZ_CP077757.1	1643303	1643617	-	esxB	1-315/315	===============	0/0	100.00	97.46	vfdb	NP_645082	(esxB) type VII secretion system protein secreted protein EsxB [Type VII secretion system (VF0403)] [Staphylococcus aureus subsp. aureus MW2]		2064751942
2064751942.fna	NZ_CP077757.1	1643633	1644025	-	esaC	1-393/393	===============	0/0	100.00	97.71	vfdb	NP_645081	(esaC) type VII secretion system protein secreted protein EsxC [Type VII secretion system (VF0403)] [Staphylococcus aureus subsp. aureus MW2]		2064751942
2064751942.fna	NZ_CP077757.1	1644055	1648494	-	essC	1-4440/4440	===============	0/0	100.00	98.51	vfdb	NP_645079	(essC) type VII secretion system protein EssC FtsK/SpoIIIE family ATPase [Type VII secretion system (VF0403)] [Staphylococcus aureus subsp. aureus MW2]		2064751942
2064751942.fna	NZ_CP077757.1	1648516	1649850	-	essB	1-1335/1335	===============	0/0	100.00	98.95	vfdb	NP_645078	(essB) type VII secretion system protein EssB monotopic membrane protein [Type VII secretion system (VF0403)] [Staphylococcus aureus subsp. aureus MW2]		2064751942
2064751942.fna	NZ_CP077757.1	1649863	1650105	-	esaB	1-243/243	===============	0/0	100.00	99.59	vfdb	NP_645076	(esaB) type VII secretion system protein EsaB [Type VII secretion system (VF0403)] [Staphylococcus aureus subsp. aureus MW2]		2064751942
2064751942.fna	NZ_CP077757.1	1650077	1650535	-	essA	1-459/459	===============	0/0	100.00	98.26	vfdb	NP_645075	(essA) type VII secretion system protein EssA monotopic membrane protein [Type VII secretion system (VF0403)] [Staphylococcus aureus subsp. aureus MW2]		2064751942
2064751942.fna	NZ_CP077757.1	1650535	1653564	-	esaA	1-3030/3030	===============	0/0	100.00	98.94	vfdb	NP_645074	(esaA) type VII secretion system protein EsaA [Type VII secretion system (VF0403)] [Staphylococcus aureus subsp. aureus MW2]		2064751942
2064751942.fna	NZ_CP077757.1	1653647	1653940	-	esxA	1-294/294	===============	0/0	100.00	100.00	vfdb	NP_645073	(esxA) type VII secretion system protein secreted protein EsxA [Type VII secretion system (VF0403)] [Staphylococcus aureus subsp. aureus MW2]		2064751942
2064751942.fna	NZ_CP077757.1	1800603	1801748	-	cap8P	1-1146/1146	===============	0/0	100.00	99.65	vfdb	NP_644954	(cap8P) capsular polysaccharide synthesis enzyme Cap8P [Capsule (VF0003)] [Staphylococcus aureus subsp. aureus MW2]		2064751942
2064751942.fna	NZ_CP077757.1	1801825	1803087	-	cap8O	1-1263/1263	===============	0/0	100.00	98.73	vfdb	NP_644953	(cap8O) capsular polysaccharide synthesis enzyme Cap8O [Capsule (VF0003)] [Staphylococcus aureus subsp. aureus MW2]		2064751942
2064751942.fna	NZ_CP077757.1	1803141	1804028	-	cap8N	1-888/888	===============	0/0	100.00	99.78	vfdb	NP_644952	(cap8N) capsular polysaccharide synthesis enzyme Cap8N [Capsule (VF0003)] [Staphylococcus aureus subsp. aureus MW2]		2064751942
2064751942.fna	NZ_CP077757.1	1804069	1804626	-	cap8M	1-558/558	===============	0/0	100.00	99.82	vfdb	NP_644951	(cap8M) capsular polysaccharide synthesis enzyme Cap8M [Capsule (VF0003)] [Staphylococcus aureus subsp. aureus MW2]		2064751942
2064751942.fna	NZ_CP077757.1	1804637	1805842	-	cap8L	1-1206/1206	===============	0/0	100.00	99.58	vfdb	NP_644950	(cap8L) capsular polysaccharide synthesis enzyme Cap8L [Capsule (VF0003)] [Staphylococcus aureus subsp. aureus MW2]		2064751942
2064751942.fna	NZ_CP077757.1	1809964	1811088	-	cap8G	1-1125/1125	===============	0/0	100.00	99.73	vfdb	NP_644945	(cap8G) capsular polysaccharide synthesis enzyme Cap8G [Capsule (VF0003)] [Staphylococcus aureus subsp. aureus MW2]		2064751942
2064751942.fna	NZ_CP077757.1	1811092	1812201	-	cap8F	1-1110/1110	===============	0/0	100.00	99.01	vfdb	NP_644944	(cap8F) capsular polysaccharide synthesis enzyme Cap8F [Capsule (VF0003)] [Staphylococcus aureus subsp. aureus MW2]		2064751942
2064751942.fna	NZ_CP077757.1	1812214	1813242	-	cap8E	1-1029/1029	===============	0/0	100.00	100.00	vfdb	NP_644943	(cap8E) capsular polysaccharide synthesis enzyme Cap8E [Capsule (VF0003)] [Staphylococcus aureus subsp. aureus MW2]		2064751942
2064751942.fna	NZ_CP077757.1	1813232	1815055	-	cap8D	1-1824/1824	===============	0/0	100.00	99.62	vfdb	NP_644942	(cap8D) capsular polysaccharide synthesis enzyme Cap8D [Capsule (VF0003)] [Staphylococcus aureus subsp. aureus MW2]		2064751942
2064751942.fna	NZ_CP077757.1	1815075	1815839	-	cap8C	1-765/765	===============	0/0	100.00	99.61	vfdb	NP_644941	(cap8C) capsular polysaccharide synthesis enzyme Cap8C [Capsule (VF0003)] [Staphylococcus aureus subsp. aureus MW2]		2064751942
2064751942.fna	NZ_CP077757.1	1815842	1816528	-	cap8B	1-687/687	===============	0/0	100.00	99.85	vfdb	NP_644940	(cap8B) capsular polysaccharide synthesis enzyme Cap8B [Capsule (VF0003)] [Staphylococcus aureus subsp. aureus MW2]		2064751942
2064751942.fna	NZ_CP077757.1	1816696	1817212	-	cap8A	1-516/516	========/======	1/1	100.00	99.81	vfdb	NP_644939	(cap8A) capsular polysaccharide synthesis enzyme  [Capsule (VF0003)] [Staphylococcus aureus subsp. aureus MW2]		2064751942
2064751942.fna	NZ_CP077757.1	1969858	1972521	-	clfB	1-2724/2724	========/======	5/66	97.69	95.23	vfdb	NP_647368	(clfB) Clumping factor B adhesin [Clumping factor (VF0004)] [Staphylococcus aureus subsp. aureus MW2]		2064751942
2064751942.fna	NZ_CP077757.1	1979591	1981120	-	aur	1-1530/1530	===============	0/0	100.00	99.61	vfdb	NP_647375	(aur) zinc metalloproteinase aureolysin [Aureolysin (VF0024)] [Staphylococcus aureus subsp. aureus MW2]		2064751942
2064751942.fna	NZ_CP077757.1	2020875	2021435	-	icaR	1-561/561	===============	0/0	100.00	99.47	vfdb	NP_647402	(icaR) ica operon transcriptional regulator IcaR [Intercellular adhesion proteins (VF0014)] [Staphylococcus aureus subsp. aureus MW2]		2064751942
2064751942.fna	NZ_CP077757.1	2021599	2022837	+	icaA	1-1239/1239	===============	0/0	100.00	99.60	vfdb	NP_647403	(icaA) N-acetylglucosaminyltransferase involved in polysaccharide intercellular adhesin(PIA) synthesis [Intercellular adhesion proteins (VF0014)] [Staphylococcus aureus subsp. aureus MW2]		2064751942
2064751942.fna	NZ_CP077757.1	2022801	2023106	+	icaD	1-306/306	===============	0/0	100.00	99.67	vfdb	NP_647404	(icaD) intercellular adhesion protein D involved in polysaccharide intercellular adhesin(PIA) synthesis [Intercellular adhesion proteins (VF0014)] [Staphylococcus aureus subsp. aureus MW2]		2064751942
2064751942.fna	NZ_CP077757.1	2023103	2023975	+	icaB	1-873/873	===============	0/0	100.00	99.77	vfdb	NP_647405	(icaB) N-deacetylase involved in polysaccharide intercellular adhesin(PIA) synthesis [Intercellular adhesion proteins (VF0014)] [Staphylococcus aureus subsp. aureus MW2]		2064751942
2064751942.fna	NZ_CP077757.1	2023962	2025014	+	icaC	1-1053/1053	===============	0/0	100.00	99.14	vfdb	NP_647406	(icaC) intercellular adhesion protein C involved in polysaccharide intercellular adhesin(PIA) synthesis [Intercellular adhesion proteins (VF0014)] [Staphylococcus aureus subsp. aureus MW2]		2064751942
2064751942.fna	NZ_CP077757.1	2025265	2027310	-	lip	1-2046/2046	===============	0/0	100.00	99.95	vfdb	NP_647407	(lip) triacylglycerol lipase precursor [Lipase (CVF091)] [Staphylococcus aureus subsp. aureus MW2]		2064751942
2064751942.fna	NZ_CP077757.1	2096679	2098997	+	adsA	1-2319/2319	===============	0/0	100.00	97.20	vfdb	NP_644838	(adsA) Adenosine synthase A [AdsA (VF0422)] [Staphylococcus aureus subsp. aureus MW2]		2064751942
2064751942.fna	NZ_CP077757.1	2223399	2226225	+	fnbA	1-2815/3048	========/=====.	6/20	92.22	87.60	vfdb	NP_647238	(fnbA) fibronectin-binding protein A [FnBPs (VF0010)] [Staphylococcus aureus subsp. aureus MW2]		2064751942
2064751942.fna	NZ_CP077757.1	2227223	2230009	+	fnbB	1-2832/2832	========/======	20/95	97.53	86.49	vfdb	NP_647237	(fnbB) fibronectin-binding protein B [FnBPs (VF0010)] [Staphylococcus aureus subsp. aureus MW2]		2064751942
2064751942.fna	NZ_CP077757.1	2303638	2304615	-	hlgB	1-978/978	===============	0/0	100.00	99.80	vfdb	NP_647161	(hlgB) gamma-hemolysin component B [<gamma>-hemolysin (VF0011)] [Staphylococcus aureus subsp. aureus MW2]		2064751942
2064751942.fna	NZ_CP077757.1	2304617	2305564	-	hlgC	1-948/948	===============	0/0	100.00	99.37	vfdb	NP_647160	(hlgC) gamma-hemolysin component C [<gamma>-hemolysin (VF0011)] [Staphylococcus aureus subsp. aureus MW2]		2064751942
2064751942.fna	NZ_CP077757.1	2306132	2307061	-	hlgA	1-930/930	===============	0/0	100.00	99.57	vfdb	NP_647159	(hlgA) gamma-hemolysin chain II precursor [<gamma>-hemolysin (VF0011)] [Staphylococcus aureus subsp. aureus MW2]		2064751942
2064751942.fna	NZ_CP077757.1	2307597	2308910	-	sbi	1-1314/1314	========/======	2/2	99.92	94.91	vfdb	NP_647158	(sbi) IgG-binding protein SBI [Sbi (VF0423)] [Staphylococcus aureus subsp. aureus MW2]		2064751942
2064751942.fna	NZ_CP077757.1	2505298	2507748	-	hysA	1-2448/2448	========/======	2/9	99.88	91.56	vfdb	NP_646946	(hysA) hyaluronate lyase precursor [Hyaluronate lyase (VF0013)] [Staphylococcus aureus subsp. aureus MW2]		2064751942
2064751942.fna	NZ_CP077757.1	2695288	2695422	+	hld	1-135/135	===============	0/0	100.00	99.26	vfdb	NP_646776	(hld) delta-hemolysin [<delta>-hemolysin (VF0007)] [Staphylococcus aureus subsp. aureus MW2]		2064751942
2064751942.fna	NZ_CP077757.1	2714684	2715676	-	hlb	1-993/993	===============	0/0	100.00	99.30	vfdb	YP_186826	(hlb) beta-hemolysin [<beta>-hemolysin (VF0002)] [Staphylococcus aureus subsp. aureus COL]		2064751942
2064751942.fna	NZ_CP077757.1	2716065	2717813	+	map	1-1755/1755	========/======	1/6	99.66	94.93	vfdb	CAB94853	(map) extracellular proteins Map [Eap/Map (VF0016)] [Staphylococcus aureus str. Newman D2C (ATCC 25904)]		2064751942
3004670934.fna	NZ_CP040665.2	30986	33304	+	adsA	1-2319/2319	===============	0/0	100.00	96.46	vfdb	NP_644838	(adsA) Adenosine synthase A [AdsA (VF0422)] [Staphylococcus aureus subsp. aureus MW2]		3004670934
3004670934.fna	NZ_CP040665.2	120757	122283	-	spa	1-1479/1479	========/======	1/48	100.00	95.35	vfdb	NP_644899	(spa) Immunoglobulin G binding protein A precursor [SpA (VF0017)] [Staphylococcus aureus subsp. aureus MW2]		3004670934
3004670934.fna	NZ_CP040665.2	165691	166207	+	cap8A	1-516/516	========/======	1/1	100.00	99.81	vfdb	NP_644939	(cap8A) capsular polysaccharide synthesis enzyme  [Capsule (VF0003)] [Staphylococcus aureus subsp. aureus MW2]		3004670934
3004670934.fna	NZ_CP040665.2	166375	167061	+	cap8B	1-687/687	===============	0/0	100.00	98.98	vfdb	NP_644940	(cap8B) capsular polysaccharide synthesis enzyme Cap8B [Capsule (VF0003)] [Staphylococcus aureus subsp. aureus MW2]		3004670934
3004670934.fna	NZ_CP040665.2	167064	167828	+	cap8C	1-765/765	===============	0/0	100.00	99.74	vfdb	NP_644941	(cap8C) capsular polysaccharide synthesis enzyme Cap8C [Capsule (VF0003)] [Staphylococcus aureus subsp. aureus MW2]		3004670934
3004670934.fna	NZ_CP040665.2	167848	169671	+	cap8D	1-1824/1824	===============	0/0	100.00	99.73	vfdb	NP_644942	(cap8D) capsular polysaccharide synthesis enzyme Cap8D [Capsule (VF0003)] [Staphylococcus aureus subsp. aureus MW2]		3004670934
3004670934.fna	NZ_CP040665.2	169661	170689	+	cap8E	1-1029/1029	===============	0/0	100.00	99.22	vfdb	NP_644943	(cap8E) capsular polysaccharide synthesis enzyme Cap8E [Capsule (VF0003)] [Staphylococcus aureus subsp. aureus MW2]		3004670934
3004670934.fna	NZ_CP040665.2	170702	171811	+	cap8F	1-1110/1110	===============	0/0	100.00	99.46	vfdb	NP_644944	(cap8F) capsular polysaccharide synthesis enzyme Cap8F [Capsule (VF0003)] [Staphylococcus aureus subsp. aureus MW2]		3004670934
3004670934.fna	NZ_CP040665.2	171815	172939	+	cap8G	1-1125/1125	===============	0/0	100.00	99.56	vfdb	NP_644945	(cap8G) capsular polysaccharide synthesis enzyme Cap8G [Capsule (VF0003)] [Staphylococcus aureus subsp. aureus MW2]		3004670934
3004670934.fna	NZ_CP040665.2	177061	178266	+	cap8L	1-1206/1206	===============	0/0	100.00	99.50	vfdb	NP_644950	(cap8L) capsular polysaccharide synthesis enzyme Cap8L [Capsule (VF0003)] [Staphylococcus aureus subsp. aureus MW2]		3004670934
3004670934.fna	NZ_CP040665.2	178277	178834	+	cap8M	1-558/558	===============	0/0	100.00	99.64	vfdb	NP_644951	(cap8M) capsular polysaccharide synthesis enzyme Cap8M [Capsule (VF0003)] [Staphylococcus aureus subsp. aureus MW2]		3004670934
3004670934.fna	NZ_CP040665.2	178834	179721	+	cap8N	1-888/888	===============	0/0	100.00	99.44	vfdb	NP_644952	(cap8N) capsular polysaccharide synthesis enzyme Cap8N [Capsule (VF0003)] [Staphylococcus aureus subsp. aureus MW2]		3004670934
3004670934.fna	NZ_CP040665.2	179775	181037	+	cap8O	1-1263/1263	===============	0/0	100.00	99.05	vfdb	NP_644953	(cap8O) capsular polysaccharide synthesis enzyme Cap8O [Capsule (VF0003)] [Staphylococcus aureus subsp. aureus MW2]		3004670934
3004670934.fna	NZ_CP040665.2	181114	182259	+	cap8P	1-1146/1146	===============	0/0	100.00	99.56	vfdb	NP_644954	(cap8P) capsular polysaccharide synthesis enzyme Cap8P [Capsule (VF0003)] [Staphylococcus aureus subsp. aureus MW2]		3004670934
3004670934.fna	NZ_CP040665.2	325173	325466	+	esxA	1-294/294	===============	0/0	100.00	100.00	vfdb	NP_645073	(esxA) type VII secretion system protein secreted protein EsxA [Type VII secretion system (VF0403)] [Staphylococcus aureus subsp. aureus MW2]		3004670934
3004670934.fna	NZ_CP040665.2	325549	328578	+	esaA	1-3030/3030	===============	0/0	100.00	98.91	vfdb	NP_645074	(esaA) type VII secretion system protein EsaA [Type VII secretion system (VF0403)] [Staphylococcus aureus subsp. aureus MW2]		3004670934
3004670934.fna	NZ_CP040665.2	328578	329036	+	essA	1-459/459	===============	0/0	100.00	98.26	vfdb	NP_645075	(essA) type VII secretion system protein EssA monotopic membrane protein [Type VII secretion system (VF0403)] [Staphylococcus aureus subsp. aureus MW2]		3004670934
3004670934.fna	NZ_CP040665.2	329008	329250	+	esaB	1-243/243	===============	0/0	100.00	99.59	vfdb	NP_645076	(esaB) type VII secretion system protein EsaB [Type VII secretion system (VF0403)] [Staphylococcus aureus subsp. aureus MW2]		3004670934
3004670934.fna	NZ_CP040665.2	329263	330597	+	essB	1-1335/1335	===============	0/0	100.00	98.95	vfdb	NP_645078	(essB) type VII secretion system protein EssB monotopic membrane protein [Type VII secretion system (VF0403)] [Staphylococcus aureus subsp. aureus MW2]		3004670934
3004670934.fna	NZ_CP040665.2	330619	335058	+	essC	1-4440/4440	===============	0/0	100.00	98.51	vfdb	NP_645079	(essC) type VII secretion system protein EssC FtsK/SpoIIIE family ATPase [Type VII secretion system (VF0403)] [Staphylococcus aureus subsp. aureus MW2]		3004670934
3004670934.fna	NZ_CP040665.2	335088	335480	+	esaC	1-393/393	===============	0/0	100.00	97.71	vfdb	NP_645081	(esaC) type VII secretion system protein secreted protein EsxC [Type VII secretion system (VF0403)] [Staphylococcus aureus subsp. aureus MW2]		3004670934
3004670934.fna	NZ_CP040665.2	335496	335810	+	esxB	1-315/315	===============	0/0	100.00	97.46	vfdb	NP_645082	(esxB) type VII secretion system protein secreted protein EsxB [Type VII secretion system (VF0403)] [Staphylococcus aureus subsp. aureus MW2]		3004670934
3004670934.fna	NZ_CP040665.2	363558	365633	+	geh	1-2073/2073	========/======	1/3	100.00	99.13	vfdb	NP_645114	(geh) glycerol ester hydrolase [Lipase (VF0012)] [Staphylococcus aureus subsp. aureus MW2]		3004670934
3004670934.fna	NZ_CP040665.2	606866	609763	+	sdrC	1-2868/2868	========/======	6/34	99.93	93.14	vfdb	NP_645333	(sdrC) Ser-Asp rich fibrinogen-binding bone sialoprotein-binding protein [SDr (VF0019)] [Staphylococcus aureus subsp. aureus MW2]		3004670934
3004670934.fna	NZ_CP040665.2	610130	614143	+	sdrD	1-4044/4044	========/======	8/50	99.01	92.94	vfdb	NP_645334	(sdrD) Ser-Asp rich fibrinogen-binding bone sialoprotein-binding protein [SDr (VF0019)] [Staphylococcus aureus subsp. aureus MW2]		3004670934
3004670934.fna	NZ_CP040665.2	614537	617580	+	sdrE	1-3062/3426	========/=====.	1/18	88.85	96.05	vfdb	NP_645335	(sdrE) Ser-Asp rich fibrinogen-binding bone sialoprotein-binding protein [SDr (VF0019)] [Staphylococcus aureus subsp. aureus MW2]		3004670934
3004670934.fna	NZ_CP040665.2	851155	853666	+	clfA	1-2479/2841	========/=====.	6/37	87.19	89.22	vfdb	NP_645581	(clfA) Clumping factor A fibrinogen-binding protein [Clumping factor (VF0004)] [Staphylococcus aureus subsp. aureus MW2]		3004670934
3004670934.fna	NZ_CP040665.2	1059996	1060325	-	sspC	1-330/330	===============	0/0	100.00	99.70	vfdb	NP_645747	(sspC) Staphostatin B [Staphopain (VF0006)] [Staphylococcus aureus subsp. aureus MW2]		3004670934
3004670934.fna	NZ_CP040665.2	1060363	1061544	-	sspB	1-1182/1182	===============	0/0	100.00	99.83	vfdb	NP_645748	(sspB) staphopain cysteine proteinase SspB [Staphopain (VF0006)] [Staphylococcus aureus subsp. aureus MW2]		3004670934
3004670934.fna	NZ_CP040665.2	1061626	1062636	-	sspA	1-984/984	========/======	1/27	100.00	96.64	vfdb	NP_645749	(sspA) serine protease; V8 protease; glutamyl endopeptidase [V8 protease (VF0023)] [Staphylococcus aureus subsp. aureus MW2]		3004670934
3004670934.fna	NZ_CP040665.2	1144553	1146490	-	isdB	1-1938/1938	===============	0/0	100.00	98.97	vfdb	YP_001332074	(isdB) iron-regulated surface determinant protein B haemoglobin receptor [Isd (VF0015)] [Staphylococcus aureus subsp. aureus str. Newman]		3004670934
3004670934.fna	NZ_CP040665.2	1146693	1147745	-	isdA	1-1053/1053	===============	0/0	100.00	100.00	vfdb	YP_001332075	(isdA) iron-regulated surface determinant protein A [Isd (VF0015)] [Staphylococcus aureus subsp. aureus str. Newman]		3004670934
3004670934.fna	NZ_CP040665.2	1147954	1148637	+	isdC	1-684/684	===============	0/0	100.00	100.00	vfdb	YP_001332076	(isdC) iron-regulated surface determinant protein C [Isd (VF0015)] [Staphylococcus aureus subsp. aureus str. Newman]		3004670934
3004670934.fna	NZ_CP040665.2	1148637	1149713	+	isdD	1-1077/1077	===============	0/0	100.00	99.72	vfdb	NP_645831	(isdD) iron-regulated surface determinant protein D [Isd (VF0015)] [Staphylococcus aureus subsp. aureus MW2]		3004670934
3004670934.fna	NZ_CP040665.2	1149710	1150588	+	isdE	1-879/879	===============	0/0	100.00	100.00	vfdb	YP_001332078	(isdE) iron-regulated surface determinant protein E [Isd (VF0015)] [Staphylococcus aureus subsp. aureus str. Newman]		3004670934
3004670934.fna	NZ_CP040665.2	1150601	1151566	+	isdF	1-966/966	===============	0/0	100.00	99.69	vfdb	NP_645833	(isdF) iron-regulated surface determinant protein F ATP-binding-cassette-type transmembrane transporter [Isd (VF0015)] [Staphylococcus aureus subsp. aureus MW2]		3004670934
3004670934.fna	NZ_CP040665.2	1151628	1152362	+	srtB	1-735/735	===============	0/0	100.00	99.59	vfdb	NP_645834	(srtB) NPQTN specific sortase B [Isd (VF0015)] [Staphylococcus aureus subsp. aureus MW2]		3004670934
3004670934.fna	NZ_CP040665.2	1152381	1152704	+	isdG	1-324/324	===============	0/0	100.00	99.07	vfdb	YP_001332081	(isdG) iron-regulated surface determinant protein G [Isd (VF0015)] [Staphylococcus aureus subsp. aureus str. Newman]		3004670934
3004670934.fna	NZ_CP040665.2	1180457	1181416	-	hly/hla	1-960/960	===============	0/0	100.00	99.79	vfdb	NP_645861	(hly/hla) Alpha-Hemolysin precursor [<alpha>-hemolysin (VF0001)] [Staphylococcus aureus subsp. aureus MW2]		3004670934
3004670934.fna	NZ_CP040665.2	1558884	1560344	-	ebp	1-1461/1461	===============	0/0	100.00	99.80	vfdb	NP_646186	(ebp) cell surface elastin binding protein [EbpS (VF0008)] [Staphylococcus aureus subsp. aureus MW2]		3004670934
3004670934.fna	NZ_CP040665.2	1907678	1908646	-	lukF-PV	1-969/978	========/======	2/2	98.98	82.27	vfdb	NP_646195	(lukF-PV) Panton-Valentine leukocidin chain F precursor [PVL (VF0018)] [Staphylococcus aureus subsp. aureus MW2]		3004670934
3004670934.fna	NZ_CP040665.2	2041692	2043113	-	map	1-1428/1755	========/====..	5/10	80.91	89.44	vfdb	CAB94853	(map) extracellular proteins Map [Eap/Map (VF0016)] [Staphylococcus aureus str. Newman D2C (ATCC 25904)]		3004670934
3004670934.fna	NZ_CP040665.2	2044874	2045224	-	scn	1-351/351	===============	0/0	100.00	100.00	vfdb	YP_001332910	(scn) complement inhibitor SCIN [SCIN (VF0425)] [Staphylococcus aureus subsp. aureus str. Newman]		3004670934
3004670934.fna	NZ_CP040665.2	2045909	2046358	+	chp	1-450/450	===============	0/0	100.00	100.00	vfdb	YP_001332911	(chp) chemotaxis-inhibiting protein CHIPS [CHIPS (VF0424)] [Staphylococcus aureus subsp. aureus str. Newman]		3004670934
3004670934.fna	NZ_CP040665.2	2047438	2047929	-	sak	1-492/492	===============	0/0	100.00	99.39	vfdb	NP_646702	(sak) Staphylokinase precursor [Staphylokinase (VF0021)] [Staphylococcus aureus subsp. aureus MW2]		3004670934
3004670934.fna	NZ_CP040665.2	2086288	2087111	+	hlb	170-993/993	..=============	0/0	82.98	99.15	vfdb	YP_186826	(hlb) beta-hemolysin [<beta>-hemolysin (VF0002)] [Staphylococcus aureus subsp. aureus COL]		3004670934
3004670934.fna	NZ_CP040665.2	2100139	2100273	-	hld	1-135/135	===============	0/0	100.00	99.26	vfdb	NP_646776	(hld) delta-hemolysin [<delta>-hemolysin (VF0007)] [Staphylococcus aureus subsp. aureus MW2]		3004670934
3004670934.fna	NZ_CP040665.2	2288105	2290525	+	hysA	1-2418/2448	========/======	3/5	98.73	94.67	vfdb	NP_646946	(hysA) hyaluronate lyase precursor [Hyaluronate lyase (VF0013)] [Staphylococcus aureus subsp. aureus MW2]		3004670934
3004670934.fna	NZ_CP040665.2	2490879	2492189	+	sbi	1-1314/1314	========/======	1/3	99.77	98.17	vfdb	NP_647158	(sbi) IgG-binding protein SBI [Sbi (VF0423)] [Staphylococcus aureus subsp. aureus MW2]		3004670934
3004670934.fna	NZ_CP040665.2	2492770	2493699	+	hlgA	1-930/930	===============	0/0	100.00	99.68	vfdb	NP_647159	(hlgA) gamma-hemolysin chain II precursor [<gamma>-hemolysin (VF0011)] [Staphylococcus aureus subsp. aureus MW2]		3004670934
3004670934.fna	NZ_CP040665.2	2494266	2495213	+	hlgC	1-948/948	===============	0/0	100.00	99.47	vfdb	NP_647160	(hlgC) gamma-hemolysin component C [<gamma>-hemolysin (VF0011)] [Staphylococcus aureus subsp. aureus MW2]		3004670934
3004670934.fna	NZ_CP040665.2	2495215	2496192	+	hlgB	1-978/978	===============	0/0	100.00	99.80	vfdb	NP_647161	(hlgB) gamma-hemolysin component B [<gamma>-hemolysin (VF0011)] [Staphylococcus aureus subsp. aureus MW2]		3004670934
3004670934.fna	NZ_CP040665.2	2580508	2583393	-	fnbB	1-2832/2832	========/======	24/98	99.22	85.83	vfdb	NP_647237	(fnbB) fibronectin-binding protein B [FnBPs (VF0010)] [Staphylococcus aureus subsp. aureus MW2]		3004670934
3004670934.fna	NZ_CP040665.2	2584391	2587190	-	fnbA	1-2815/3048	========/=====.	4/23	91.73	95.96	vfdb	NP_647238	(fnbA) fibronectin-binding protein A [FnBPs (VF0010)] [Staphylococcus aureus subsp. aureus MW2]		3004670934
3004670934.fna	NZ_CP040665.2	2723640	2726273	-	clfB	1-2724/2724	========/======	7/96	96.59	90.94	vfdb	NP_647368	(clfB) Clumping factor B adhesin [Clumping factor (VF0004)] [Staphylococcus aureus subsp. aureus MW2]		3004670934
3004670934.fna	NZ_CP040665.2	2733346	2734875	-	aur	1-1530/1530	===============	0/0	100.00	99.67	vfdb	NP_647375	(aur) zinc metalloproteinase aureolysin [Aureolysin (VF0024)] [Staphylococcus aureus subsp. aureus MW2]		3004670934
3004670934.fna	NZ_CP040665.2	2775118	2775678	-	icaR	1-561/561	===============	0/0	100.00	99.82	vfdb	NP_647402	(icaR) ica operon transcriptional regulator IcaR [Intercellular adhesion proteins (VF0014)] [Staphylococcus aureus subsp. aureus MW2]		3004670934
3004670934.fna	NZ_CP040665.2	2775842	2777080	+	icaA	1-1239/1239	===============	0/0	100.00	99.84	vfdb	NP_647403	(icaA) N-acetylglucosaminyltransferase involved in polysaccharide intercellular adhesin(PIA) synthesis [Intercellular adhesion proteins (VF0014)] [Staphylococcus aureus subsp. aureus MW2]		3004670934
3004670934.fna	NZ_CP040665.2	2777044	2777349	+	icaD	1-306/306	===============	0/0	100.00	99.67	vfdb	NP_647404	(icaD) intercellular adhesion protein D involved in polysaccharide intercellular adhesin(PIA) synthesis [Intercellular adhesion proteins (VF0014)] [Staphylococcus aureus subsp. aureus MW2]		3004670934
3004670934.fna	NZ_CP040665.2	2777346	2778218	+	icaB	1-873/873	===============	0/0	100.00	99.77	vfdb	NP_647405	(icaB) N-deacetylase involved in polysaccharide intercellular adhesin(PIA) synthesis [Intercellular adhesion proteins (VF0014)] [Staphylococcus aureus subsp. aureus MW2]		3004670934
3004670934.fna	NZ_CP040665.2	2778205	2779257	+	icaC	1-1053/1053	===============	0/0	100.00	99.43	vfdb	NP_647406	(icaC) intercellular adhesion protein C involved in polysaccharide intercellular adhesin(PIA) synthesis [Intercellular adhesion proteins (VF0014)] [Staphylococcus aureus subsp. aureus MW2]		3004670934
3004670934.fna	NZ_CP040665.2	2779590	2781635	-	lip	1-2046/2046	===============	0/0	100.00	98.97	vfdb	NP_647407	(lip) triacylglycerol lipase precursor [Lipase (CVF091)] [Staphylococcus aureus subsp. aureus MW2]		3004670934
2212168325.fna	NZ_CP092561.1	30490	32808	+	adsA	1-2319/2319	===============	0/0	100.00	96.46	vfdb	NP_644838	(adsA) Adenosine synthase A [AdsA (VF0422)] [Staphylococcus aureus subsp. aureus MW2]		2212168325
2212168325.fna	NZ_CP092561.1	95451	96977	-	spa	1-1479/1479	========/======	1/48	100.00	95.35	vfdb	NP_644899	(spa) Immunoglobulin G binding protein A precursor [SpA (VF0017)] [Staphylococcus aureus subsp. aureus MW2]		2212168325
2212168325.fna	NZ_CP092561.1	140384	140900	+	cap8A	1-516/516	========/======	1/1	100.00	99.81	vfdb	NP_644939	(cap8A) capsular polysaccharide synthesis enzyme  [Capsule (VF0003)] [Staphylococcus aureus subsp. aureus MW2]		2212168325
2212168325.fna	NZ_CP092561.1	141068	141754	+	cap8B	1-687/687	===============	0/0	100.00	98.98	vfdb	NP_644940	(cap8B) capsular polysaccharide synthesis enzyme Cap8B [Capsule (VF0003)] [Staphylococcus aureus subsp. aureus MW2]		2212168325
2212168325.fna	NZ_CP092561.1	141757	142521	+	cap8C	1-765/765	===============	0/0	100.00	99.74	vfdb	NP_644941	(cap8C) capsular polysaccharide synthesis enzyme Cap8C [Capsule (VF0003)] [Staphylococcus aureus subsp. aureus MW2]		2212168325
2212168325.fna	NZ_CP092561.1	142541	144364	+	cap8D	1-1824/1824	===============	0/0	100.00	99.73	vfdb	NP_644942	(cap8D) capsular polysaccharide synthesis enzyme Cap8D [Capsule (VF0003)] [Staphylococcus aureus subsp. aureus MW2]		2212168325
2212168325.fna	NZ_CP092561.1	144354	145382	+	cap8E	1-1029/1029	===============	0/0	100.00	99.22	vfdb	NP_644943	(cap8E) capsular polysaccharide synthesis enzyme Cap8E [Capsule (VF0003)] [Staphylococcus aureus subsp. aureus MW2]		2212168325
2212168325.fna	NZ_CP092561.1	145395	146504	+	cap8F	1-1110/1110	===============	0/0	100.00	99.46	vfdb	NP_644944	(cap8F) capsular polysaccharide synthesis enzyme Cap8F [Capsule (VF0003)] [Staphylococcus aureus subsp. aureus MW2]		2212168325
2212168325.fna	NZ_CP092561.1	146508	147632	+	cap8G	1-1125/1125	===============	0/0	100.00	99.56	vfdb	NP_644945	(cap8G) capsular polysaccharide synthesis enzyme Cap8G [Capsule (VF0003)] [Staphylococcus aureus subsp. aureus MW2]		2212168325
2212168325.fna	NZ_CP092561.1	151754	152959	+	cap8L	1-1206/1206	===============	0/0	100.00	99.50	vfdb	NP_644950	(cap8L) capsular polysaccharide synthesis enzyme Cap8L [Capsule (VF0003)] [Staphylococcus aureus subsp. aureus MW2]		2212168325
2212168325.fna	NZ_CP092561.1	152970	153527	+	cap8M	1-558/558	===============	0/0	100.00	99.64	vfdb	NP_644951	(cap8M) capsular polysaccharide synthesis enzyme Cap8M [Capsule (VF0003)] [Staphylococcus aureus subsp. aureus MW2]		2212168325
2212168325.fna	NZ_CP092561.1	153527	154414	+	cap8N	1-888/888	===============	0/0	100.00	99.44	vfdb	NP_644952	(cap8N) capsular polysaccharide synthesis enzyme Cap8N [Capsule (VF0003)] [Staphylococcus aureus subsp. aureus MW2]		2212168325
2212168325.fna	NZ_CP092561.1	154468	155730	+	cap8O	1-1263/1263	===============	0/0	100.00	99.05	vfdb	NP_644953	(cap8O) capsular polysaccharide synthesis enzyme Cap8O [Capsule (VF0003)] [Staphylococcus aureus subsp. aureus MW2]		2212168325
2212168325.fna	NZ_CP092561.1	155807	156952	+	cap8P	1-1146/1146	===============	0/0	100.00	99.56	vfdb	NP_644954	(cap8P) capsular polysaccharide synthesis enzyme Cap8P [Capsule (VF0003)] [Staphylococcus aureus subsp. aureus MW2]		2212168325
2212168325.fna	NZ_CP092561.1	299972	300265	+	esxA	1-294/294	===============	0/0	100.00	100.00	vfdb	NP_645073	(esxA) type VII secretion system protein secreted protein EsxA [Type VII secretion system (VF0403)] [Staphylococcus aureus subsp. aureus MW2]		2212168325
2212168325.fna	NZ_CP092561.1	300348	303377	+	esaA	1-3030/3030	===============	0/0	100.00	98.91	vfdb	NP_645074	(esaA) type VII secretion system protein EsaA [Type VII secretion system (VF0403)] [Staphylococcus aureus subsp. aureus MW2]		2212168325
2212168325.fna	NZ_CP092561.1	303377	303835	+	essA	1-459/459	===============	0/0	100.00	98.26	vfdb	NP_645075	(essA) type VII secretion system protein EssA monotopic membrane protein [Type VII secretion system (VF0403)] [Staphylococcus aureus subsp. aureus MW2]		2212168325
2212168325.fna	NZ_CP092561.1	303807	304049	+	esaB	1-243/243	===============	0/0	100.00	99.59	vfdb	NP_645076	(esaB) type VII secretion system protein EsaB [Type VII secretion system (VF0403)] [Staphylococcus aureus subsp. aureus MW2]		2212168325
2212168325.fna	NZ_CP092561.1	304062	305396	+	essB	1-1335/1335	===============	0/0	100.00	99.03	vfdb	NP_645078	(essB) type VII secretion system protein EssB monotopic membrane protein [Type VII secretion system (VF0403)] [Staphylococcus aureus subsp. aureus MW2]		2212168325
2212168325.fna	NZ_CP092561.1	305418	309857	+	essC	1-4440/4440	===============	0/0	100.00	98.51	vfdb	NP_645079	(essC) type VII secretion system protein EssC FtsK/SpoIIIE family ATPase [Type VII secretion system (VF0403)] [Staphylococcus aureus subsp. aureus MW2]		2212168325
2212168325.fna	NZ_CP092561.1	309887	310279	+	esaC	1-393/393	===============	0/0	100.00	97.71	vfdb	NP_645081	(esaC) type VII secretion system protein secreted protein EsxC [Type VII secretion system (VF0403)] [Staphylococcus aureus subsp. aureus MW2]		2212168325
2212168325.fna	NZ_CP092561.1	310295	310609	+	esxB	1-315/315	===============	0/0	100.00	97.46	vfdb	NP_645082	(esxB) type VII secretion system protein secreted protein EsxB [Type VII secretion system (VF0403)] [Staphylococcus aureus subsp. aureus MW2]		2212168325
2212168325.fna	NZ_CP092561.1	337846	339921	+	geh	1-2073/2073	========/======	1/3	100.00	99.13	vfdb	NP_645114	(geh) glycerol ester hydrolase [Lipase (VF0012)] [Staphylococcus aureus subsp. aureus MW2]		2212168325
2212168325.fna	NZ_CP092561.1	582393	585242	+	sdrC	1-2868/2868	========/======	5/22	99.30	93.83	vfdb	NP_645333	(sdrC) Ser-Asp rich fibrinogen-binding bone sialoprotein-binding protein [SDr (VF0019)] [Staphylococcus aureus subsp. aureus MW2]		2212168325
2212168325.fna	NZ_CP092561.1	585609	589457	+	sdrD	1-3855/4044	========/======	5/14	95.08	93.13	vfdb	NP_645334	(sdrD) Ser-Asp rich fibrinogen-binding bone sialoprotein-binding protein [SDr (VF0019)] [Staphylococcus aureus subsp. aureus MW2]		2212168325
2212168325.fna	NZ_CP092561.1	590124	593585	+	sdrE	1-3426/3426	========/======	3/72	99.47	95.03	vfdb	NP_645335	(sdrE) Ser-Asp rich fibrinogen-binding bone sialoprotein-binding protein [SDr (VF0019)] [Staphylococcus aureus subsp. aureus MW2]		2212168325
2212168325.fna	NZ_CP092561.1	841088	843949	+	clfA	1-2841/2841	========/======	6/37	99.72	89.93	vfdb	NP_645581	(clfA) Clumping factor A fibrinogen-binding protein [Clumping factor (VF0004)] [Staphylococcus aureus subsp. aureus MW2]		2212168325
2212168325.fna	NZ_CP092561.1	1009087	1009416	-	sspC	1-330/330	===============	0/0	100.00	99.70	vfdb	NP_645747	(sspC) Staphostatin B [Staphopain (VF0006)] [Staphylococcus aureus subsp. aureus MW2]		2212168325
2212168325.fna	NZ_CP092561.1	1009454	1010635	-	sspB	1-1182/1182	===============	0/0	100.00	99.83	vfdb	NP_645748	(sspB) staphopain cysteine proteinase SspB [Staphopain (VF0006)] [Staphylococcus aureus subsp. aureus MW2]		2212168325
2212168325.fna	NZ_CP092561.1	1010717	1011745	-	sspA	1-984/984	========/======	1/45	100.00	94.85	vfdb	NP_645749	(sspA) serine protease; V8 protease; glutamyl endopeptidase [V8 protease (VF0023)] [Staphylococcus aureus subsp. aureus MW2]		2212168325
2212168325.fna	NZ_CP092561.1	1093663	1095591	-	isdB	1-1938/1938	========/======	1/9	99.54	98.45	vfdb	YP_001332074	(isdB) iron-regulated surface determinant protein B haemoglobin receptor [Isd (VF0015)] [Staphylococcus aureus subsp. aureus str. Newman]		2212168325
2212168325.fna	NZ_CP092561.1	1095794	1096846	-	isdA	1-1053/1053	===============	0/0	100.00	99.91	vfdb	YP_001332075	(isdA) iron-regulated surface determinant protein A [Isd (VF0015)] [Staphylococcus aureus subsp. aureus str. Newman]		2212168325
2212168325.fna	NZ_CP092561.1	1097055	1097738	+	isdC	1-684/684	===============	0/0	100.00	100.00	vfdb	YP_001332076	(isdC) iron-regulated surface determinant protein C [Isd (VF0015)] [Staphylococcus aureus subsp. aureus str. Newman]		2212168325
2212168325.fna	NZ_CP092561.1	1097738	1098814	+	isdD	1-1077/1077	===============	0/0	100.00	99.72	vfdb	NP_645831	(isdD) iron-regulated surface determinant protein D [Isd (VF0015)] [Staphylococcus aureus subsp. aureus MW2]		2212168325
2212168325.fna	NZ_CP092561.1	1098811	1099689	+	isdE	1-879/879	===============	0/0	100.00	100.00	vfdb	YP_001332078	(isdE) iron-regulated surface determinant protein E [Isd (VF0015)] [Staphylococcus aureus subsp. aureus str. Newman]		2212168325
2212168325.fna	NZ_CP092561.1	1099702	1100667	+	isdF	1-966/966	===============	0/0	100.00	99.69	vfdb	NP_645833	(isdF) iron-regulated surface determinant protein F ATP-binding-cassette-type transmembrane transporter [Isd (VF0015)] [Staphylococcus aureus subsp. aureus MW2]		2212168325
2212168325.fna	NZ_CP092561.1	1100729	1101463	+	srtB	1-735/735	===============	0/0	100.00	99.59	vfdb	NP_645834	(srtB) NPQTN specific sortase B [Isd (VF0015)] [Staphylococcus aureus subsp. aureus MW2]		2212168325
2212168325.fna	NZ_CP092561.1	1101482	1101805	+	isdG	1-324/324	===============	0/0	100.00	99.69	vfdb	YP_001332081	(isdG) iron-regulated surface determinant protein G [Isd (VF0015)] [Staphylococcus aureus subsp. aureus str. Newman]		2212168325
2212168325.fna	NZ_CP092561.1	1129443	1130402	-	hly/hla	1-960/960	===============	0/0	100.00	99.79	vfdb	NP_645861	(hly/hla) Alpha-Hemolysin precursor [<alpha>-hemolysin (VF0001)] [Staphylococcus aureus subsp. aureus MW2]		2212168325
2212168325.fna	NZ_CP092561.1	1507876	1509336	-	ebp	1-1461/1461	===============	0/0	100.00	99.80	vfdb	NP_646186	(ebp) cell surface elastin binding protein [EbpS (VF0008)] [Staphylococcus aureus subsp. aureus MW2]		2212168325
2212168325.fna	NZ_CP092561.1	1850108	1851076	-	lukF-PV	1-969/978	========/======	2/2	98.98	82.37	vfdb	NP_646195	(lukF-PV) Panton-Valentine leukocidin chain F precursor [PVL (VF0018)] [Staphylococcus aureus subsp. aureus MW2]		2212168325
2212168325.fna	NZ_CP092561.1	2027660	2029081	-	map	1-1428/1755	========/====..	5/10	80.91	89.37	vfdb	CAB94853	(map) extracellular proteins Map [Eap/Map (VF0016)] [Staphylococcus aureus str. Newman D2C (ATCC 25904)]		2212168325
2212168325.fna	NZ_CP092561.1	2029470	2030462	+	hlb	1-993/993	===============	0/0	100.00	99.19	vfdb	YP_186826	(hlb) beta-hemolysin [<beta>-hemolysin (VF0002)] [Staphylococcus aureus subsp. aureus COL]		2212168325
2212168325.fna	NZ_CP092561.1	2059976	2060110	-	hld	1-135/135	===============	0/0	100.00	99.26	vfdb	NP_646776	(hld) delta-hemolysin [<delta>-hemolysin (VF0007)] [Staphylococcus aureus subsp. aureus MW2]		2212168325
2212168325.fna	NZ_CP092561.1	2249217	2251637	+	hysA	1-2418/2448	========/======	3/5	98.73	94.67	vfdb	NP_646946	(hysA) hyaluronate lyase precursor [Hyaluronate lyase (VF0013)] [Staphylococcus aureus subsp. aureus MW2]		2212168325
2212168325.fna	NZ_CP092561.1	2452013	2453323	+	sbi	1-1314/1314	========/======	1/3	99.77	98.17	vfdb	NP_647158	(sbi) IgG-binding protein SBI [Sbi (VF0423)] [Staphylococcus aureus subsp. aureus MW2]		2212168325
2212168325.fna	NZ_CP092561.1	2453859	2454788	+	hlgA	1-930/930	===============	0/0	100.00	99.68	vfdb	NP_647159	(hlgA) gamma-hemolysin chain II precursor [<gamma>-hemolysin (VF0011)] [Staphylococcus aureus subsp. aureus MW2]		2212168325
2212168325.fna	NZ_CP092561.1	2455355	2456302	+	hlgC	1-948/948	===============	0/0	100.00	99.47	vfdb	NP_647160	(hlgC) gamma-hemolysin component C [<gamma>-hemolysin (VF0011)] [Staphylococcus aureus subsp. aureus MW2]		2212168325
2212168325.fna	NZ_CP092561.1	2456304	2457281	+	hlgB	1-978/978	===============	0/0	100.00	99.80	vfdb	NP_647161	(hlgB) gamma-hemolysin component B [<gamma>-hemolysin (VF0011)] [Staphylococcus aureus subsp. aureus MW2]		2212168325
2212168325.fna	NZ_CP092561.1	2541614	2544499	-	fnbB	1-2832/2832	========/======	24/98	99.22	85.87	vfdb	NP_647237	(fnbB) fibronectin-binding protein B [FnBPs (VF0010)] [Staphylococcus aureus subsp. aureus MW2]		2212168325
2212168325.fna	NZ_CP092561.1	2545497	2548296	-	fnbA	1-2815/3048	========/=====.	4/23	91.73	95.96	vfdb	NP_647238	(fnbA) fibronectin-binding protein A [FnBPs (VF0010)] [Staphylococcus aureus subsp. aureus MW2]		2212168325
2212168325.fna	NZ_CP092561.1	2721180	2723813	-	clfB	1-2724/2724	========/======	7/96	96.59	90.87	vfdb	NP_647368	(clfB) Clumping factor B adhesin [Clumping factor (VF0004)] [Staphylococcus aureus subsp. aureus MW2]		2212168325
2212168325.fna	NZ_CP092561.1	2730886	2732415	-	aur	1-1530/1530	===============	0/0	100.00	99.67	vfdb	NP_647375	(aur) zinc metalloproteinase aureolysin [Aureolysin (VF0024)] [Staphylococcus aureus subsp. aureus MW2]		2212168325
2212168325.fna	NZ_CP092561.1	2772562	2773122	-	icaR	1-561/561	===============	0/0	100.00	99.82	vfdb	NP_647402	(icaR) ica operon transcriptional regulator IcaR [Intercellular adhesion proteins (VF0014)] [Staphylococcus aureus subsp. aureus MW2]		2212168325
2212168325.fna	NZ_CP092561.1	2773286	2774524	+	icaA	1-1239/1239	===============	0/0	100.00	99.84	vfdb	NP_647403	(icaA) N-acetylglucosaminyltransferase involved in polysaccharide intercellular adhesin(PIA) synthesis [Intercellular adhesion proteins (VF0014)] [Staphylococcus aureus subsp. aureus MW2]		2212168325
2212168325.fna	NZ_CP092561.1	2774488	2774793	+	icaD	1-306/306	===============	0/0	100.00	99.67	vfdb	NP_647404	(icaD) intercellular adhesion protein D involved in polysaccharide intercellular adhesin(PIA) synthesis [Intercellular adhesion proteins (VF0014)] [Staphylococcus aureus subsp. aureus MW2]		2212168325
2212168325.fna	NZ_CP092561.1	2774790	2775662	+	icaB	1-873/873	===============	0/0	100.00	99.89	vfdb	NP_647405	(icaB) N-deacetylase involved in polysaccharide intercellular adhesin(PIA) synthesis [Intercellular adhesion proteins (VF0014)] [Staphylococcus aureus subsp. aureus MW2]		2212168325
2212168325.fna	NZ_CP092561.1	2775649	2776701	+	icaC	1-1053/1053	===============	0/0	100.00	99.33	vfdb	NP_647406	(icaC) intercellular adhesion protein C involved in polysaccharide intercellular adhesin(PIA) synthesis [Intercellular adhesion proteins (VF0014)] [Staphylococcus aureus subsp. aureus MW2]		2212168325
2212168325.fna	NZ_CP092561.1	2777036	2779081	-	lip	1-2046/2046	===============	0/0	100.00	98.97	vfdb	NP_647407	(lip) triacylglycerol lipase precursor [Lipase (CVF091)] [Staphylococcus aureus subsp. aureus MW2]		2212168325
2772899465.fna	NZ_CP160409.1	30979	33297	+	adsA	1-2319/2319	===============	0/0	100.00	96.72	vfdb	NP_644838	(adsA) Adenosine synthase A [AdsA (VF0422)] [Staphylococcus aureus subsp. aureus MW2]		2772899465
2772899465.fna	NZ_CP160409.1	127951	129429	-	spa	1-1479/1479	===============	0/0	100.00	97.77	vfdb	NP_644899	(spa) Immunoglobulin G binding protein A precursor [SpA (VF0017)] [Staphylococcus aureus subsp. aureus MW2]		2772899465
2772899465.fna	NZ_CP160409.1	173897	174413	+	cap8A	1-516/516	========/======	1/1	100.00	99.42	vfdb	NP_644939	(cap8A) capsular polysaccharide synthesis enzyme  [Capsule (VF0003)] [Staphylococcus aureus subsp. aureus MW2]		2772899465
2772899465.fna	NZ_CP160409.1	174581	175267	+	cap8B	1-687/687	===============	0/0	100.00	98.98	vfdb	NP_644940	(cap8B) capsular polysaccharide synthesis enzyme Cap8B [Capsule (VF0003)] [Staphylococcus aureus subsp. aureus MW2]		2772899465
2772899465.fna	NZ_CP160409.1	175270	176034	+	cap8C	1-765/765	===============	0/0	100.00	99.61	vfdb	NP_644941	(cap8C) capsular polysaccharide synthesis enzyme Cap8C [Capsule (VF0003)] [Staphylococcus aureus subsp. aureus MW2]		2772899465
2772899465.fna	NZ_CP160409.1	176054	177878	+	cap8D	1-1824/1824	========/======	1/1	100.00	99.84	vfdb	NP_644942	(cap8D) capsular polysaccharide synthesis enzyme Cap8D [Capsule (VF0003)] [Staphylococcus aureus subsp. aureus MW2]		2772899465
2772899465.fna	NZ_CP160409.1	177868	178896	+	cap8E	1-1029/1029	===============	0/0	100.00	99.03	vfdb	NP_644943	(cap8E) capsular polysaccharide synthesis enzyme Cap8E [Capsule (VF0003)] [Staphylococcus aureus subsp. aureus MW2]		2772899465
2772899465.fna	NZ_CP160409.1	178909	180018	+	cap8F	1-1110/1110	===============	0/0	100.00	99.55	vfdb	NP_644944	(cap8F) capsular polysaccharide synthesis enzyme Cap8F [Capsule (VF0003)] [Staphylococcus aureus subsp. aureus MW2]		2772899465
2772899465.fna	NZ_CP160409.1	180022	181146	+	cap8G	1-1125/1125	===============	0/0	100.00	99.56	vfdb	NP_644945	(cap8G) capsular polysaccharide synthesis enzyme Cap8G [Capsule (VF0003)] [Staphylococcus aureus subsp. aureus MW2]		2772899465
2772899465.fna	NZ_CP160409.1	185268	186473	+	cap8L	1-1206/1206	===============	0/0	100.00	99.75	vfdb	NP_644950	(cap8L) capsular polysaccharide synthesis enzyme Cap8L [Capsule (VF0003)] [Staphylococcus aureus subsp. aureus MW2]		2772899465
2772899465.fna	NZ_CP160409.1	186484	187041	+	cap8M	1-558/558	===============	0/0	100.00	99.82	vfdb	NP_644951	(cap8M) capsular polysaccharide synthesis enzyme Cap8M [Capsule (VF0003)] [Staphylococcus aureus subsp. aureus MW2]		2772899465
2772899465.fna	NZ_CP160409.1	187041	187928	+	cap8N	1-888/888	===============	0/0	100.00	98.65	vfdb	NP_644952	(cap8N) capsular polysaccharide synthesis enzyme Cap8N [Capsule (VF0003)] [Staphylococcus aureus subsp. aureus MW2]		2772899465
2772899465.fna	NZ_CP160409.1	187982	189244	+	cap8O	1-1263/1263	===============	0/0	100.00	98.73	vfdb	NP_644953	(cap8O) capsular polysaccharide synthesis enzyme Cap8O [Capsule (VF0003)] [Staphylococcus aureus subsp. aureus MW2]		2772899465
2772899465.fna	NZ_CP160409.1	189321	190466	+	cap8P	1-1146/1146	===============	0/0	100.00	99.39	vfdb	NP_644954	(cap8P) capsular polysaccharide synthesis enzyme Cap8P [Capsule (VF0003)] [Staphylococcus aureus subsp. aureus MW2]		2772899465
2772899465.fna	NZ_CP160409.1	330257	330550	+	esxA	1-294/294	===============	0/0	100.00	100.00	vfdb	NP_645073	(esxA) type VII secretion system protein secreted protein EsxA [Type VII secretion system (VF0403)] [Staphylococcus aureus subsp. aureus MW2]		2772899465
2772899465.fna	NZ_CP160409.1	330634	333663	+	esaA	1-3030/3030	===============	0/0	100.00	99.14	vfdb	NP_645074	(esaA) type VII secretion system protein EsaA [Type VII secretion system (VF0403)] [Staphylococcus aureus subsp. aureus MW2]		2772899465
2772899465.fna	NZ_CP160409.1	333663	334121	+	essA	1-459/459	===============	0/0	100.00	99.78	vfdb	NP_645075	(essA) type VII secretion system protein EssA monotopic membrane protein [Type VII secretion system (VF0403)] [Staphylococcus aureus subsp. aureus MW2]		2772899465
2772899465.fna	NZ_CP160409.1	334093	334335	+	esaB	1-243/243	===============	0/0	100.00	100.00	vfdb	NP_645076	(esaB) type VII secretion system protein EsaB [Type VII secretion system (VF0403)] [Staphylococcus aureus subsp. aureus MW2]		2772899465
2772899465.fna	NZ_CP160409.1	334348	335682	+	essB	1-1335/1335	===============	0/0	100.00	99.92	vfdb	NP_645078	(essB) type VII secretion system protein EssB monotopic membrane protein [Type VII secretion system (VF0403)] [Staphylococcus aureus subsp. aureus MW2]		2772899465
2772899465.fna	NZ_CP160409.1	335704	340143	+	essC	1-4440/4440	===============	0/0	100.00	98.69	vfdb	NP_645079	(essC) type VII secretion system protein EssC FtsK/SpoIIIE family ATPase [Type VII secretion system (VF0403)] [Staphylococcus aureus subsp. aureus MW2]		2772899465
2772899465.fna	NZ_CP160409.1	340173	340565	+	esaC	1-393/393	===============	0/0	100.00	98.73	vfdb	NP_645081	(esaC) type VII secretion system protein secreted protein EsxC [Type VII secretion system (VF0403)] [Staphylococcus aureus subsp. aureus MW2]		2772899465
2772899465.fna	NZ_CP160409.1	340581	340895	+	esxB	1-315/315	===============	0/0	100.00	99.36	vfdb	NP_645082	(esxB) type VII secretion system protein secreted protein EsxB [Type VII secretion system (VF0403)] [Staphylococcus aureus subsp. aureus MW2]		2772899465
2772899465.fna	NZ_CP160409.1	372151	374223	+	geh	1-2073/2073	===============	0/0	100.00	99.61	vfdb	NP_645114	(geh) glycerol ester hydrolase [Lipase (VF0012)] [Staphylococcus aureus subsp. aureus MW2]		2772899465
2772899465.fna	NZ_CP160409.1	616703	619546	+	sdrC	1-2868/2868	========/======	5/36	98.95	94.54	vfdb	NP_645333	(sdrC) Ser-Asp rich fibrinogen-binding bone sialoprotein-binding protein [SDr (VF0019)] [Staphylococcus aureus subsp. aureus MW2]		2772899465
2772899465.fna	NZ_CP160409.1	619913	623926	+	sdrD	1-4044/4044	========/======	6/32	99.23	96.61	vfdb	NP_645334	(sdrD) Ser-Asp rich fibrinogen-binding bone sialoprotein-binding protein [SDr (VF0019)] [Staphylococcus aureus subsp. aureus MW2]		2772899465
2772899465.fna	NZ_CP160409.1	874016	876817	+	clfA	1-2841/2841	========/======	6/69	98.10	95.55	vfdb	NP_645581	(clfA) Clumping factor A fibrinogen-binding protein [Clumping factor (VF0004)] [Staphylococcus aureus subsp. aureus MW2]		2772899465
2772899465.fna	NZ_CP160409.1	877038	878564	+	vWbp	1-1527/1527	===============	0/0	100.00	100.00	vfdb	YP_001331791	(vWbp) secreted von Willebrand factor-binding protein precursor [vWbp (VF0420)] [Staphylococcus aureus subsp. aureus str. Newman]		2772899465
2772899465.fna	NZ_CP160409.1	898172	898900	-	selk	1-729/729	===============	0/0	100.00	96.57	vfdb	NP_646755	(selk) staphylococcal enterotoxin K precursor [SE (VF0020)] [Staphylococcus aureus subsp. aureus MW2]		2772899465
2772899465.fna	NZ_CP160409.1	898924	899652	-	selq	1-729/729	===============	0/0	100.00	97.81	vfdb	NP_646754	(selq) staphylococcal enterotoxin G precursor [SE (VF0020)] [Staphylococcus aureus subsp. aureus MW2]		2772899465
2772899465.fna	NZ_CP160409.1	1052779	1053108	-	sspC	1-330/330	===============	0/0	100.00	99.70	vfdb	NP_645747	(sspC) Staphostatin B [Staphopain (VF0006)] [Staphylococcus aureus subsp. aureus MW2]		2772899465
2772899465.fna	NZ_CP160409.1	1053146	1054327	-	sspB	1-1182/1182	===============	0/0	100.00	99.07	vfdb	NP_645748	(sspB) staphopain cysteine proteinase SspB [Staphopain (VF0006)] [Staphylococcus aureus subsp. aureus MW2]		2772899465
2772899465.fna	NZ_CP160409.1	1054409	1055419	-	sspA	1-984/984	========/======	1/27	100.00	96.44	vfdb	NP_645749	(sspA) serine protease; V8 protease; glutamyl endopeptidase [V8 protease (VF0023)] [Staphylococcus aureus subsp. aureus MW2]		2772899465
2772899465.fna	NZ_CP160409.1	1137218	1139155	-	isdB	1-1938/1938	===============	0/0	100.00	100.00	vfdb	YP_001332074	(isdB) iron-regulated surface determinant protein B haemoglobin receptor [Isd (VF0015)] [Staphylococcus aureus subsp. aureus str. Newman]		2772899465
2772899465.fna	NZ_CP160409.1	1139358	1140410	-	isdA	1-1053/1053	===============	0/0	100.00	100.00	vfdb	YP_001332075	(isdA) iron-regulated surface determinant protein A [Isd (VF0015)] [Staphylococcus aureus subsp. aureus str. Newman]		2772899465
2772899465.fna	NZ_CP160409.1	1140619	1141302	+	isdC	1-684/684	===============	0/0	100.00	100.00	vfdb	YP_001332076	(isdC) iron-regulated surface determinant protein C [Isd (VF0015)] [Staphylococcus aureus subsp. aureus str. Newman]		2772899465
2772899465.fna	NZ_CP160409.1	1141302	1142378	+	isdD	1-1077/1077	===============	0/0	100.00	99.81	vfdb	NP_645831	(isdD) iron-regulated surface determinant protein D [Isd (VF0015)] [Staphylococcus aureus subsp. aureus MW2]		2772899465
2772899465.fna	NZ_CP160409.1	1142375	1143253	+	isdE	1-879/879	===============	0/0	100.00	100.00	vfdb	YP_001332078	(isdE) iron-regulated surface determinant protein E [Isd (VF0015)] [Staphylococcus aureus subsp. aureus str. Newman]		2772899465
2772899465.fna	NZ_CP160409.1	1143266	1144231	+	isdF	1-966/966	===============	0/0	100.00	99.69	vfdb	NP_645833	(isdF) iron-regulated surface determinant protein F ATP-binding-cassette-type transmembrane transporter [Isd (VF0015)] [Staphylococcus aureus subsp. aureus MW2]		2772899465
2772899465.fna	NZ_CP160409.1	1144293	1145027	+	srtB	1-735/735	===============	0/0	100.00	99.59	vfdb	NP_645834	(srtB) NPQTN specific sortase B [Isd (VF0015)] [Staphylococcus aureus subsp. aureus MW2]		2772899465
2772899465.fna	NZ_CP160409.1	1145046	1145369	+	isdG	1-324/324	===============	0/0	100.00	100.00	vfdb	YP_001332081	(isdG) iron-regulated surface determinant protein G [Isd (VF0015)] [Staphylococcus aureus subsp. aureus str. Newman]		2772899465
2772899465.fna	NZ_CP160409.1	1171234	1172193	-	hly/hla	1-960/960	===============	0/0	100.00	99.48	vfdb	NP_645861	(hly/hla) Alpha-Hemolysin precursor [<alpha>-hemolysin (VF0001)] [Staphylococcus aureus subsp. aureus MW2]		2772899465
2772899465.fna	NZ_CP160409.1	1551890	1553350	-	ebp	1-1461/1461	===============	0/0	100.00	98.02	vfdb	NP_646186	(ebp) cell surface elastin binding protein [EbpS (VF0008)] [Staphylococcus aureus subsp. aureus MW2]		2772899465
2772899465.fna	NZ_CP160409.1	1560994	1561971	-	lukF-PV	1-978/978	===============	0/0	100.00	99.90	vfdb	NP_646195	(lukF-PV) Panton-Valentine leukocidin chain F precursor [PVL (VF0018)] [Staphylococcus aureus subsp. aureus MW2]		2772899465
2772899465.fna	NZ_CP160409.1	1561973	1562911	-	lukS-PV	1-939/939	===============	0/0	100.00	100.00	vfdb	NP_646196	(lukS-PV) Panton-Valentine leukocidin chain S precursor [PVL (VF0018)] [Staphylococcus aureus subsp. aureus MW2]		2772899465
2772899465.fna	NZ_CP160409.1	1956887	1957855	-	lukF-PV	1-969/978	========/======	2/2	98.98	82.06	vfdb	NP_646195	(lukF-PV) Panton-Valentine leukocidin chain F precursor [PVL (VF0018)] [Staphylococcus aureus subsp. aureus MW2]		2772899465
2772899465.fna	NZ_CP160409.1	2126112	2127866	-	map	1-1755/1755	===============	0/0	100.00	99.60	vfdb	CAB94853	(map) extracellular proteins Map [Eap/Map (VF0016)] [Staphylococcus aureus str. Newman D2C (ATCC 25904)]		2772899465
2772899465.fna	NZ_CP160409.1	2129627	2129977	-	scn	1-351/351	===============	0/0	100.00	100.00	vfdb	YP_001332910	(scn) complement inhibitor SCIN [SCIN (VF0425)] [Staphylococcus aureus subsp. aureus str. Newman]		2772899465
2772899465.fna	NZ_CP160409.1	2130662	2131111	+	chp	1-450/450	===============	0/0	100.00	100.00	vfdb	YP_001332911	(chp) chemotaxis-inhibiting protein CHIPS [CHIPS (VF0424)] [Staphylococcus aureus subsp. aureus str. Newman]		2772899465
2772899465.fna	NZ_CP160409.1	2132191	2132682	-	sak	1-492/492	===============	0/0	100.00	99.39	vfdb	NP_646702	(sak) Staphylokinase precursor [Staphylokinase (VF0021)] [Staphylococcus aureus subsp. aureus MW2]		2772899465
2772899465.fna	NZ_CP160409.1	2171472	2172295	+	hlb	170-993/993	..=============	0/0	82.98	100.00	vfdb	YP_186826	(hlb) beta-hemolysin [<beta>-hemolysin (VF0002)] [Staphylococcus aureus subsp. aureus COL]		2772899465
2772899465.fna	NZ_CP160409.1	2190337	2190471	-	hld	1-135/135	===============	0/0	100.00	99.26	vfdb	NP_646776	(hld) delta-hemolysin [<delta>-hemolysin (VF0007)] [Staphylococcus aureus subsp. aureus MW2]		2772899465
2772899465.fna	NZ_CP160409.1	2381371	2383785	+	hysA	1-2418/2448	========/======	5/9	98.53	90.58	vfdb	NP_646946	(hysA) hyaluronate lyase precursor [Hyaluronate lyase (VF0013)] [Staphylococcus aureus subsp. aureus MW2]		2772899465
2772899465.fna	NZ_CP160409.1	2583560	2584870	+	sbi	1-1314/1314	========/======	1/3	99.77	97.87	vfdb	NP_647158	(sbi) IgG-binding protein SBI [Sbi (VF0423)] [Staphylococcus aureus subsp. aureus MW2]		2772899465
2772899465.fna	NZ_CP160409.1	2585406	2586335	+	hlgA	1-930/930	===============	0/0	100.00	99.46	vfdb	NP_647159	(hlgA) gamma-hemolysin chain II precursor [<gamma>-hemolysin (VF0011)] [Staphylococcus aureus subsp. aureus MW2]		2772899465
2772899465.fna	NZ_CP160409.1	2586902	2587849	+	hlgC	1-948/948	===============	0/0	100.00	99.47	vfdb	NP_647160	(hlgC) gamma-hemolysin component C [<gamma>-hemolysin (VF0011)] [Staphylococcus aureus subsp. aureus MW2]		2772899465
2772899465.fna	NZ_CP160409.1	2587851	2588828	+	hlgB	1-978/978	===============	0/0	100.00	99.90	vfdb	NP_647161	(hlgB) gamma-hemolysin component B [<gamma>-hemolysin (VF0011)] [Staphylococcus aureus subsp. aureus MW2]		2772899465
2772899465.fna	NZ_CP160409.1	2672902	2675724	-	fnbB	1-2832/2832	========/======	18/53	98.91	86.55	vfdb	NP_647237	(fnbB) fibronectin-binding protein B [FnBPs (VF0010)] [Staphylococcus aureus subsp. aureus MW2]		2772899465
2772899465.fna	NZ_CP160409.1	2676406	2679462	-	fnbA	1-3048/3048	========/======	11/31	99.64	87.68	vfdb	NP_647238	(fnbA) fibronectin-binding protein A [FnBPs (VF0010)] [Staphylococcus aureus subsp. aureus MW2]		2772899465
2772899465.fna	NZ_CP160409.1	2818099	2820432	-	clfB	1-2340/2724	========/=====.	5/12	85.57	91.76	vfdb	NP_647368	(clfB) Clumping factor B adhesin [Clumping factor (VF0004)] [Staphylococcus aureus subsp. aureus MW2]		2772899465
2772899465.fna	NZ_CP160409.1	2827505	2829034	-	aur	1-1530/1530	===============	0/0	100.00	99.61	vfdb	NP_647375	(aur) zinc metalloproteinase aureolysin [Aureolysin (VF0024)] [Staphylococcus aureus subsp. aureus MW2]		2772899465
2772899465.fna	NZ_CP160409.1	2869280	2869840	-	icaR	1-561/561	===============	0/0	100.00	100.00	vfdb	NP_647402	(icaR) ica operon transcriptional regulator IcaR [Intercellular adhesion proteins (VF0014)] [Staphylococcus aureus subsp. aureus MW2]		2772899465
2772899465.fna	NZ_CP160409.1	2870004	2871242	+	icaA	1-1239/1239	===============	0/0	100.00	99.92	vfdb	NP_647403	(icaA) N-acetylglucosaminyltransferase involved in polysaccharide intercellular adhesin(PIA) synthesis [Intercellular adhesion proteins (VF0014)] [Staphylococcus aureus subsp. aureus MW2]		2772899465
2772899465.fna	NZ_CP160409.1	2871206	2871511	+	icaD	1-306/306	===============	0/0	100.00	100.00	vfdb	NP_647404	(icaD) intercellular adhesion protein D involved in polysaccharide intercellular adhesin(PIA) synthesis [Intercellular adhesion proteins (VF0014)] [Staphylococcus aureus subsp. aureus MW2]		2772899465
2772899465.fna	NZ_CP160409.1	2871508	2872380	+	icaB	1-873/873	===============	0/0	100.00	100.00	vfdb	NP_647405	(icaB) N-deacetylase involved in polysaccharide intercellular adhesin(PIA) synthesis [Intercellular adhesion proteins (VF0014)] [Staphylococcus aureus subsp. aureus MW2]		2772899465
2772899465.fna	NZ_CP160409.1	2872367	2873419	+	icaC	1-1053/1053	===============	0/0	100.00	100.00	vfdb	NP_647406	(icaC) intercellular adhesion protein C involved in polysaccharide intercellular adhesin(PIA) synthesis [Intercellular adhesion proteins (VF0014)] [Staphylococcus aureus subsp. aureus MW2]		2772899465
2772899465.fna	NZ_CP160409.1	2873866	2875911	-	lip	1-2046/2046	===============	0/0	100.00	100.00	vfdb	NP_647407	(lip) triacylglycerol lipase precursor [Lipase (CVF091)] [Staphylococcus aureus subsp. aureus MW2]		2772899465
2780070556.fna	NZ_CP160634.1	30987	33305	+	adsA	1-2319/2319	===============	0/0	100.00	96.46	vfdb	NP_644838	(adsA) Adenosine synthase A [AdsA (VF0422)] [Staphylococcus aureus subsp. aureus MW2]		2780070556
2780070556.fna	NZ_CP160634.1	141558	142074	+	cap8A	1-516/516	========/======	1/1	100.00	99.81	vfdb	NP_644939	(cap8A) capsular polysaccharide synthesis enzyme  [Capsule (VF0003)] [Staphylococcus aureus subsp. aureus MW2]		2780070556
2780070556.fna	NZ_CP160634.1	142242	142928	+	cap8B	1-687/687	===============	0/0	100.00	98.98	vfdb	NP_644940	(cap8B) capsular polysaccharide synthesis enzyme Cap8B [Capsule (VF0003)] [Staphylococcus aureus subsp. aureus MW2]		2780070556
2780070556.fna	NZ_CP160634.1	142931	143695	+	cap8C	1-765/765	===============	0/0	100.00	99.48	vfdb	NP_644941	(cap8C) capsular polysaccharide synthesis enzyme Cap8C [Capsule (VF0003)] [Staphylococcus aureus subsp. aureus MW2]		2780070556
2780070556.fna	NZ_CP160634.1	143715	145538	+	cap8D	1-1824/1824	===============	0/0	100.00	99.73	vfdb	NP_644942	(cap8D) capsular polysaccharide synthesis enzyme Cap8D [Capsule (VF0003)] [Staphylococcus aureus subsp. aureus MW2]		2780070556
2780070556.fna	NZ_CP160634.1	145528	146556	+	cap8E	1-1029/1029	===============	0/0	100.00	99.22	vfdb	NP_644943	(cap8E) capsular polysaccharide synthesis enzyme Cap8E [Capsule (VF0003)] [Staphylococcus aureus subsp. aureus MW2]		2780070556
2780070556.fna	NZ_CP160634.1	146569	147678	+	cap8F	1-1110/1110	===============	0/0	100.00	99.46	vfdb	NP_644944	(cap8F) capsular polysaccharide synthesis enzyme Cap8F [Capsule (VF0003)] [Staphylococcus aureus subsp. aureus MW2]		2780070556
2780070556.fna	NZ_CP160634.1	147682	148806	+	cap8G	1-1125/1125	===============	0/0	100.00	99.56	vfdb	NP_644945	(cap8G) capsular polysaccharide synthesis enzyme Cap8G [Capsule (VF0003)] [Staphylococcus aureus subsp. aureus MW2]		2780070556
2780070556.fna	NZ_CP160634.1	152928	154133	+	cap8L	1-1206/1206	===============	0/0	100.00	99.50	vfdb	NP_644950	(cap8L) capsular polysaccharide synthesis enzyme Cap8L [Capsule (VF0003)] [Staphylococcus aureus subsp. aureus MW2]		2780070556
2780070556.fna	NZ_CP160634.1	154144	154701	+	cap8M	1-558/558	===============	0/0	100.00	99.64	vfdb	NP_644951	(cap8M) capsular polysaccharide synthesis enzyme Cap8M [Capsule (VF0003)] [Staphylococcus aureus subsp. aureus MW2]		2780070556
2780070556.fna	NZ_CP160634.1	154701	155588	+	cap8N	1-888/888	===============	0/0	100.00	99.44	vfdb	NP_644952	(cap8N) capsular polysaccharide synthesis enzyme Cap8N [Capsule (VF0003)] [Staphylococcus aureus subsp. aureus MW2]		2780070556
2780070556.fna	NZ_CP160634.1	155642	156904	+	cap8O	1-1263/1263	===============	0/0	100.00	99.05	vfdb	NP_644953	(cap8O) capsular polysaccharide synthesis enzyme Cap8O [Capsule (VF0003)] [Staphylococcus aureus subsp. aureus MW2]		2780070556
2780070556.fna	NZ_CP160634.1	156981	158126	+	cap8P	1-1146/1146	===============	0/0	100.00	99.56	vfdb	NP_644954	(cap8P) capsular polysaccharide synthesis enzyme Cap8P [Capsule (VF0003)] [Staphylococcus aureus subsp. aureus MW2]		2780070556
2780070556.fna	NZ_CP160634.1	301222	301515	+	esxA	1-294/294	===============	0/0	100.00	100.00	vfdb	NP_645073	(esxA) type VII secretion system protein secreted protein EsxA [Type VII secretion system (VF0403)] [Staphylococcus aureus subsp. aureus MW2]		2780070556
2780070556.fna	NZ_CP160634.1	301598	304627	+	esaA	1-3030/3030	===============	0/0	100.00	98.91	vfdb	NP_645074	(esaA) type VII secretion system protein EsaA [Type VII secretion system (VF0403)] [Staphylococcus aureus subsp. aureus MW2]		2780070556
2780070556.fna	NZ_CP160634.1	304627	305085	+	essA	1-459/459	===============	0/0	100.00	98.26	vfdb	NP_645075	(essA) type VII secretion system protein EssA monotopic membrane protein [Type VII secretion system (VF0403)] [Staphylococcus aureus subsp. aureus MW2]		2780070556
2780070556.fna	NZ_CP160634.1	305057	305299	+	esaB	1-243/243	===============	0/0	100.00	99.59	vfdb	NP_645076	(esaB) type VII secretion system protein EsaB [Type VII secretion system (VF0403)] [Staphylococcus aureus subsp. aureus MW2]		2780070556
2780070556.fna	NZ_CP160634.1	305312	306646	+	essB	1-1335/1335	===============	0/0	100.00	99.03	vfdb	NP_645078	(essB) type VII secretion system protein EssB monotopic membrane protein [Type VII secretion system (VF0403)] [Staphylococcus aureus subsp. aureus MW2]		2780070556
2780070556.fna	NZ_CP160634.1	306668	311107	+	essC	1-4440/4440	===============	0/0	100.00	98.51	vfdb	NP_645079	(essC) type VII secretion system protein EssC FtsK/SpoIIIE family ATPase [Type VII secretion system (VF0403)] [Staphylococcus aureus subsp. aureus MW2]		2780070556
2780070556.fna	NZ_CP160634.1	311137	311529	+	esaC	1-393/393	===============	0/0	100.00	97.71	vfdb	NP_645081	(esaC) type VII secretion system protein secreted protein EsxC [Type VII secretion system (VF0403)] [Staphylococcus aureus subsp. aureus MW2]		2780070556
2780070556.fna	NZ_CP160634.1	311545	311859	+	esxB	1-315/315	===============	0/0	100.00	97.46	vfdb	NP_645082	(esxB) type VII secretion system protein secreted protein EsxB [Type VII secretion system (VF0403)] [Staphylococcus aureus subsp. aureus MW2]		2780070556
2780070556.fna	NZ_CP160634.1	339607	341682	+	geh	1-2073/2073	========/======	1/3	100.00	99.13	vfdb	NP_645114	(geh) glycerol ester hydrolase [Lipase (VF0012)] [Staphylococcus aureus subsp. aureus MW2]		2780070556
2780070556.fna	NZ_CP160634.1	577739	580642	+	sdrC	1-2868/2868	========/======	7/40	99.93	93.01	vfdb	NP_645333	(sdrC) Ser-Asp rich fibrinogen-binding bone sialoprotein-binding protein [SDr (VF0019)] [Staphylococcus aureus subsp. aureus MW2]		2780070556
2780070556.fna	NZ_CP160634.1	581009	584875	+	sdrD	1-3855/4044	========/======	6/20	95.23	93.05	vfdb	NP_645334	(sdrD) Ser-Asp rich fibrinogen-binding bone sialoprotein-binding protein [SDr (VF0019)] [Staphylococcus aureus subsp. aureus MW2]		2780070556
2780070556.fna	NZ_CP160634.1	585542	589003	+	sdrE	1-3426/3426	========/======	3/72	99.47	95.06	vfdb	NP_645335	(sdrE) Ser-Asp rich fibrinogen-binding bone sialoprotein-binding protein [SDr (VF0019)] [Staphylococcus aureus subsp. aureus MW2]		2780070556
2780070556.fna	NZ_CP160634.1	819099	822050	+	clfA	1-2841/2841	========/======	7/115	99.93	88.02	vfdb	NP_645581	(clfA) Clumping factor A fibrinogen-binding protein [Clumping factor (VF0004)] [Staphylococcus aureus subsp. aureus MW2]		2780070556
2780070556.fna	NZ_CP160634.1	982663	982992	-	sspC	1-330/330	===============	0/0	100.00	99.70	vfdb	NP_645747	(sspC) Staphostatin B [Staphopain (VF0006)] [Staphylococcus aureus subsp. aureus MW2]		2780070556
2780070556.fna	NZ_CP160634.1	983030	984211	-	sspB	1-1182/1182	===============	0/0	100.00	99.83	vfdb	NP_645748	(sspB) staphopain cysteine proteinase SspB [Staphopain (VF0006)] [Staphylococcus aureus subsp. aureus MW2]		2780070556
2780070556.fna	NZ_CP160634.1	984293	985321	-	sspA	1-984/984	========/======	1/45	100.00	94.85	vfdb	NP_645749	(sspA) serine protease; V8 protease; glutamyl endopeptidase [V8 protease (VF0023)] [Staphylococcus aureus subsp. aureus MW2]		2780070556
2780070556.fna	NZ_CP160634.1	1067299	1069236	-	isdB	1-1938/1938	===============	0/0	100.00	98.97	vfdb	YP_001332074	(isdB) iron-regulated surface determinant protein B haemoglobin receptor [Isd (VF0015)] [Staphylococcus aureus subsp. aureus str. Newman]		2780070556
2780070556.fna	NZ_CP160634.1	1069439	1070491	-	isdA	1-1053/1053	===============	0/0	100.00	100.00	vfdb	YP_001332075	(isdA) iron-regulated surface determinant protein A [Isd (VF0015)] [Staphylococcus aureus subsp. aureus str. Newman]		2780070556
2780070556.fna	NZ_CP160634.1	1070700	1071383	+	isdC	1-684/684	===============	0/0	100.00	100.00	vfdb	YP_001332076	(isdC) iron-regulated surface determinant protein C [Isd (VF0015)] [Staphylococcus aureus subsp. aureus str. Newman]		2780070556
2780070556.fna	NZ_CP160634.1	1071383	1072459	+	isdD	1-1077/1077	===============	0/0	100.00	99.72	vfdb	NP_645831	(isdD) iron-regulated surface determinant protein D [Isd (VF0015)] [Staphylococcus aureus subsp. aureus MW2]		2780070556
2780070556.fna	NZ_CP160634.1	1072456	1073334	+	isdE	1-879/879	===============	0/0	100.00	100.00	vfdb	YP_001332078	(isdE) iron-regulated surface determinant protein E [Isd (VF0015)] [Staphylococcus aureus subsp. aureus str. Newman]		2780070556
2780070556.fna	NZ_CP160634.1	1073347	1074312	+	isdF	1-966/966	===============	0/0	100.00	99.59	vfdb	NP_645833	(isdF) iron-regulated surface determinant protein F ATP-binding-cassette-type transmembrane transporter [Isd (VF0015)] [Staphylococcus aureus subsp. aureus MW2]		2780070556
2780070556.fna	NZ_CP160634.1	1074374	1075108	+	srtB	1-735/735	===============	0/0	100.00	99.59	vfdb	NP_645834	(srtB) NPQTN specific sortase B [Isd (VF0015)] [Staphylococcus aureus subsp. aureus MW2]		2780070556
2780070556.fna	NZ_CP160634.1	1075127	1075450	+	isdG	1-324/324	===============	0/0	100.00	99.69	vfdb	YP_001332081	(isdG) iron-regulated surface determinant protein G [Isd (VF0015)] [Staphylococcus aureus subsp. aureus str. Newman]		2780070556
2780070556.fna	NZ_CP160634.1	1101379	1102338	-	hly/hla	1-960/960	===============	0/0	100.00	99.69	vfdb	NP_645861	(hly/hla) Alpha-Hemolysin precursor [<alpha>-hemolysin (VF0001)] [Staphylococcus aureus subsp. aureus MW2]		2780070556
2780070556.fna	NZ_CP160634.1	1479529	1480989	-	ebp	1-1461/1461	===============	0/0	100.00	99.80	vfdb	NP_646186	(ebp) cell surface elastin binding protein [EbpS (VF0008)] [Staphylococcus aureus subsp. aureus MW2]		2780070556
2780070556.fna	NZ_CP160634.1	1527922	1528272	-	scn	1-351/351	===============	0/0	100.00	100.00	vfdb	YP_001332910	(scn) complement inhibitor SCIN [SCIN (VF0425)] [Staphylococcus aureus subsp. aureus str. Newman]		2780070556
2780070556.fna	NZ_CP160634.1	1528956	1529405	+	chp	1-450/450	===============	0/0	100.00	100.00	vfdb	YP_001332911	(chp) chemotaxis-inhibiting protein CHIPS [CHIPS (VF0424)] [Staphylococcus aureus subsp. aureus str. Newman]		2780070556
2780070556.fna	NZ_CP160634.1	1530485	1530977	-	sak	1-492/492	========/======	1/1	100.00	99.39	vfdb	NP_646702	(sak) Staphylokinase precursor [Staphylokinase (VF0021)] [Staphylococcus aureus subsp. aureus MW2]		2780070556
2780070556.fna	NZ_CP160634.1	1932062	1933030	-	lukF-PV	1-969/978	========/======	2/2	98.98	82.37	vfdb	NP_646195	(lukF-PV) Panton-Valentine leukocidin chain F precursor [PVL (VF0018)] [Staphylococcus aureus subsp. aureus MW2]		2780070556
2780070556.fna	NZ_CP160634.1	2066115	2067536	-	map	1-1428/1755	========/====..	5/10	80.91	89.44	vfdb	CAB94853	(map) extracellular proteins Map [Eap/Map (VF0016)] [Staphylococcus aureus str. Newman D2C (ATCC 25904)]		2780070556
2780070556.fna	NZ_CP160634.1	2067925	2068917	+	hlb	1-993/993	===============	0/0	100.00	99.30	vfdb	YP_186826	(hlb) beta-hemolysin [<beta>-hemolysin (VF0002)] [Staphylococcus aureus subsp. aureus COL]		2780070556
2780070556.fna	NZ_CP160634.1	2081945	2082079	-	hld	1-135/135	===============	0/0	100.00	99.26	vfdb	NP_646776	(hld) delta-hemolysin [<delta>-hemolysin (VF0007)] [Staphylococcus aureus subsp. aureus MW2]		2780070556
2780070556.fna	NZ_CP160634.1	2268182	2270602	+	hysA	1-2418/2448	========/======	3/5	98.73	94.63	vfdb	NP_646946	(hysA) hyaluronate lyase precursor [Hyaluronate lyase (VF0013)] [Staphylococcus aureus subsp. aureus MW2]		2780070556
2780070556.fna	NZ_CP160634.1	2470742	2472052	+	sbi	1-1314/1314	========/======	1/3	99.77	98.17	vfdb	NP_647158	(sbi) IgG-binding protein SBI [Sbi (VF0423)] [Staphylococcus aureus subsp. aureus MW2]		2780070556
2780070556.fna	NZ_CP160634.1	2472588	2473517	+	hlgA	1-930/930	===============	0/0	100.00	99.68	vfdb	NP_647159	(hlgA) gamma-hemolysin chain II precursor [<gamma>-hemolysin (VF0011)] [Staphylococcus aureus subsp. aureus MW2]		2780070556
2780070556.fna	NZ_CP160634.1	2474084	2475031	+	hlgC	1-948/948	===============	0/0	100.00	99.47	vfdb	NP_647160	(hlgC) gamma-hemolysin component C [<gamma>-hemolysin (VF0011)] [Staphylococcus aureus subsp. aureus MW2]		2780070556
2780070556.fna	NZ_CP160634.1	2475033	2476010	+	hlgB	1-978/978	===============	0/0	100.00	99.80	vfdb	NP_647161	(hlgB) gamma-hemolysin component B [<gamma>-hemolysin (VF0011)] [Staphylococcus aureus subsp. aureus MW2]		2780070556
2780070556.fna	NZ_CP160634.1	2560712	2563597	-	fnbB	1-2832/2832	========/======	24/98	99.22	85.83	vfdb	NP_647237	(fnbB) fibronectin-binding protein B [FnBPs (VF0010)] [Staphylococcus aureus subsp. aureus MW2]		2780070556
2780070556.fna	NZ_CP160634.1	2703953	2706310	-	clfB	1-2376/2724	========/=====.	4/24	86.45	91.42	vfdb	NP_647368	(clfB) Clumping factor B adhesin [Clumping factor (VF0004)] [Staphylococcus aureus subsp. aureus MW2]		2780070556
2780070556.fna	NZ_CP160634.1	2713383	2714912	-	aur	1-1530/1530	===============	0/0	100.00	99.67	vfdb	NP_647375	(aur) zinc metalloproteinase aureolysin [Aureolysin (VF0024)] [Staphylococcus aureus subsp. aureus MW2]		2780070556
2780070556.fna	NZ_CP160634.1	2755154	2755714	-	icaR	1-561/561	===============	0/0	100.00	99.82	vfdb	NP_647402	(icaR) ica operon transcriptional regulator IcaR [Intercellular adhesion proteins (VF0014)] [Staphylococcus aureus subsp. aureus MW2]		2780070556
2780070556.fna	NZ_CP160634.1	2755878	2757116	+	icaA	1-1239/1239	===============	0/0	100.00	99.76	vfdb	NP_647403	(icaA) N-acetylglucosaminyltransferase involved in polysaccharide intercellular adhesin(PIA) synthesis [Intercellular adhesion proteins (VF0014)] [Staphylococcus aureus subsp. aureus MW2]		2780070556
2780070556.fna	NZ_CP160634.1	2757080	2757385	+	icaD	1-306/306	===============	0/0	100.00	99.67	vfdb	NP_647404	(icaD) intercellular adhesion protein D involved in polysaccharide intercellular adhesin(PIA) synthesis [Intercellular adhesion proteins (VF0014)] [Staphylococcus aureus subsp. aureus MW2]		2780070556
2780070556.fna	NZ_CP160634.1	2757382	2758254	+	icaB	1-873/873	===============	0/0	100.00	99.89	vfdb	NP_647405	(icaB) N-deacetylase involved in polysaccharide intercellular adhesin(PIA) synthesis [Intercellular adhesion proteins (VF0014)] [Staphylococcus aureus subsp. aureus MW2]		2780070556
2780070556.fna	NZ_CP160634.1	2758241	2759293	+	icaC	1-1053/1053	===============	0/0	100.00	99.43	vfdb	NP_647406	(icaC) intercellular adhesion protein C involved in polysaccharide intercellular adhesin(PIA) synthesis [Intercellular adhesion proteins (VF0014)] [Staphylococcus aureus subsp. aureus MW2]		2780070556
2780070556.fna	NZ_CP160634.1	2759628	2761673	-	lip	1-2046/2046	===============	0/0	100.00	98.97	vfdb	NP_647407	(lip) triacylglycerol lipase precursor [Lipase (CVF091)] [Staphylococcus aureus subsp. aureus MW2]		2780070556
